[
{
  "model": "admin.logentry",
  "pk": 1,
  "fields": {
    "action_time": "2025-05-02T19:06:54.148Z",
    "user": 1,
    "content_type": 9,
    "object_id": "1",
    "object_repr": "Wyoming Hines",
    "action_flag": 1,
    "change_message": "[{\"added\": {}}]"
  }
},
{
  "model": "admin.logentry",
  "pk": 2,
  "fields": {
    "action_time": "2025-05-02T19:09:26.282Z",
    "user": 1,
    "content_type": 15,
    "object_id": "2",
    "object_repr": "Aimee Mercado",
    "action_flag": 1,
    "change_message": "[{\"added\": {}}]"
  }
},
{
  "model": "admin.logentry",
  "pk": 3,
  "fields": {
    "action_time": "2025-05-02T19:09:53.372Z",
    "user": 1,
    "content_type": 15,
    "object_id": "3",
    "object_repr": "Bert Durham",
    "action_flag": 1,
    "change_message": "[{\"added\": {}}]"
  }
},
{
  "model": "admin.logentry",
  "pk": 4,
  "fields": {
    "action_time": "2025-05-02T19:10:15.294Z",
    "user": 1,
    "content_type": 15,
    "object_id": "4",
    "object_repr": "Maile Howell",
    "action_flag": 1,
    "change_message": "[{\"added\": {}}]"
  }
},
{
  "model": "admin.logentry",
  "pk": 5,
  "fields": {
    "action_time": "2025-05-02T19:12:41.661Z",
    "user": 1,
    "content_type": 13,
    "object_id": "1",
    "object_repr": "Christine Head (Nails) - Wyoming Hines",
    "action_flag": 1,
    "change_message": "[{\"added\": {}}]"
  }
},
{
  "model": "admin.logentry",
  "pk": 6,
  "fields": {
    "action_time": "2025-05-02T19:24:36.010Z",
    "user": 1,
    "content_type": 12,
    "object_id": "1",
    "object_repr": "Gallery Image for Wyoming Hines",
    "action_flag": 1,
    "change_message": "[{\"added\": {}}]"
  }
},
{
  "model": "admin.logentry",
  "pk": 7,
  "fields": {
    "action_time": "2025-05-02T19:25:04.587Z",
    "user": 1,
    "content_type": 11,
    "object_id": "1",
    "object_repr": "Bruno Rollins (Wyoming Hines)",
    "action_flag": 1,
    "change_message": "[{\"added\": {}}]"
  }
},
{
  "model": "admin.logentry",
  "pk": 8,
  "fields": {
    "action_time": "2025-05-02T19:25:21.224Z",
    "user": 1,
    "content_type": 10,
    "object_id": "1",
    "object_repr": "FAQ: Eos aperiam voluptate fuga Error alias...",
    "action_flag": 1,
    "change_message": "[{\"added\": {}}]"
  }
},
{
  "model": "admin.logentry",
  "pk": 9,
  "fields": {
    "action_time": "2025-05-02T19:59:01.705Z",
    "user": 1,
    "content_type": 9,
    "object_id": "2",
    "object_repr": "Alisa Bush",
    "action_flag": 1,
    "change_message": "[{\"added\": {}}]"
  }
},
{
  "model": "admin.logentry",
  "pk": 10,
  "fields": {
    "action_time": "2025-05-02T20:10:09.524Z",
    "user": 1,
    "content_type": 14,
    "object_id": "61d7b819-7e8c-4cfd-8459-7be5c1028854",
    "object_repr": " - Barber at Wyoming Hines",
    "action_flag": 1,
    "change_message": "[{\"added\": {}}]"
  }
},
{
  "model": "admin.logentry",
  "pk": 11,
  "fields": {
    "action_time": "2025-05-02T20:13:03.696Z",
    "user": 1,
    "content_type": 9,
    "object_id": "3",
    "object_repr": "Tad Solomon",
    "action_flag": 1,
    "change_message": "[{\"added\": {}}]"
  }
},
{
  "model": "admin.logentry",
  "pk": 12,
  "fields": {
    "action_time": "2025-05-02T20:14:23.102Z",
    "user": 1,
    "content_type": 9,
    "object_id": "4",
    "object_repr": "Oliver Deleon",
    "action_flag": 1,
    "change_message": "[{\"added\": {}}]"
  }
},
{
  "model": "admin.logentry",
  "pk": 13,
  "fields": {
    "action_time": "2025-05-02T20:18:04.636Z",
    "user": 1,
    "content_type": 9,
    "object_id": "5",
    "object_repr": "Chadwick Hamilton",
    "action_flag": 1,
    "change_message": "[{\"added\": {}}]"
  }
},
{
  "model": "admin.logentry",
  "pk": 14,
  "fields": {
    "action_time": "2025-05-02T20:18:48.860Z",
    "user": 1,
    "content_type": 9,
    "object_id": "6",
    "object_repr": "Ulysses Tillman",
    "action_flag": 1,
    "change_message": "[{\"added\": {}}]"
  }
},
{
  "model": "admin.logentry",
  "pk": 15,
  "fields": {
    "action_time": "2025-05-02T20:23:41.956Z",
    "user": 1,
    "content_type": 9,
    "object_id": "7",
    "object_repr": "Georgia Campos",
    "action_flag": 1,
    "change_message": "[{\"added\": {}}]"
  }
},
{
  "model": "admin.logentry",
  "pk": 16,
  "fields": {
    "action_time": "2025-05-02T20:24:56.130Z",
    "user": 1,
    "content_type": 9,
    "object_id": "8",
    "object_repr": "Jerry Harmon",
    "action_flag": 1,
    "change_message": "[{\"added\": {}}]"
  }
},
{
  "model": "admin.logentry",
  "pk": 17,
  "fields": {
    "action_time": "2025-05-12T11:42:25.638Z",
    "user": 1,
    "content_type": 12,
    "object_id": "1",
    "object_repr": "Gallery Image for Wyoming Hines",
    "action_flag": 2,
    "change_message": "[{\"changed\": {\"fields\": [\"Image\"]}}]"
  }
},
{
  "model": "admin.logentry",
  "pk": 18,
  "fields": {
    "action_time": "2025-05-12T11:42:54.649Z",
    "user": 1,
    "content_type": 12,
    "object_id": "1",
    "object_repr": "Gallery Image for Wyoming Hines",
    "action_flag": 2,
    "change_message": "[]"
  }
},
{
  "model": "admin.logentry",
  "pk": 19,
  "fields": {
    "action_time": "2025-05-14T22:03:36.787Z",
    "user": 1,
    "content_type": 9,
    "object_id": "8",
    "object_repr": "Jerry Harmon",
    "action_flag": 2,
    "change_message": "[{\"changed\": {\"fields\": [\"Image\"]}}]"
  }
},
{
  "model": "admin.logentry",
  "pk": 20,
  "fields": {
    "action_time": "2025-05-15T08:33:58.621Z",
    "user": 1,
    "content_type": 9,
    "object_id": "8",
    "object_repr": "Jerry Harmon",
    "action_flag": 2,
    "change_message": "[{\"added\": {\"name\": \"salon gallery\", \"object\": \"Gallery Image for Jerry Harmon\"}}, {\"added\": {\"name\": \"salon gallery\", \"object\": \"Gallery Image for Jerry Harmon\"}}, {\"added\": {\"name\": \"salon gallery\", \"object\": \"Gallery Image for Jerry Harmon\"}}]"
  }
},
{
  "model": "admin.logentry",
  "pk": 21,
  "fields": {
    "action_time": "2025-05-15T09:33:08.524Z",
    "user": 1,
    "content_type": 9,
    "object_id": "7",
    "object_repr": "Georgia Campos",
    "action_flag": 2,
    "change_message": "[{\"added\": {\"name\": \"salon gallery\", \"object\": \"Gallery Image for Georgia Campos\"}}, {\"added\": {\"name\": \"salon gallery\", \"object\": \"Gallery Image for Georgia Campos\"}}, {\"added\": {\"name\": \"salon gallery\", \"object\": \"Gallery Image for Georgia Campos\"}}]"
  }
},
{
  "model": "admin.logentry",
  "pk": 22,
  "fields": {
    "action_time": "2025-05-15T09:39:24.251Z",
    "user": 1,
    "content_type": 9,
    "object_id": "8",
    "object_repr": "Jerry Harmon",
    "action_flag": 2,
    "change_message": "[{\"deleted\": {\"name\": \"salon gallery\", \"object\": \"Gallery Image for Jerry Harmon\"}}, {\"deleted\": {\"name\": \"salon gallery\", \"object\": \"Gallery Image for Jerry Harmon\"}}, {\"deleted\": {\"name\": \"salon gallery\", \"object\": \"Gallery Image for Jerry Harmon\"}}]"
  }
},
{
  "model": "admin.logentry",
  "pk": 23,
  "fields": {
    "action_time": "2025-05-15T09:44:25.486Z",
    "user": 1,
    "content_type": 9,
    "object_id": "7",
    "object_repr": "Georgia Campos",
    "action_flag": 2,
    "change_message": "[{\"deleted\": {\"name\": \"salon gallery\", \"object\": \"Gallery Image for Georgia Campos\"}}]"
  }
},
{
  "model": "admin.logentry",
  "pk": 24,
  "fields": {
    "action_time": "2025-05-15T09:45:16.208Z",
    "user": 1,
    "content_type": 9,
    "object_id": "7",
    "object_repr": "Georgia Campos",
    "action_flag": 2,
    "change_message": "[{\"added\": {\"name\": \"salon gallery\", \"object\": \"Gallery Image for Georgia Campos\"}}]"
  }
},
{
  "model": "admin.logentry",
  "pk": 25,
  "fields": {
    "action_time": "2025-05-15T09:50:10.816Z",
    "user": 1,
    "content_type": 9,
    "object_id": "8",
    "object_repr": "Jerry Harmon",
    "action_flag": 2,
    "change_message": "[{\"added\": {\"name\": \"salon gallery\", \"object\": \"Gallery Image for Jerry Harmon\"}}, {\"added\": {\"name\": \"salon gallery\", \"object\": \"Gallery Image for Jerry Harmon\"}}, {\"added\": {\"name\": \"salon gallery\", \"object\": \"Gallery Image for Jerry Harmon\"}}]"
  }
},
{
  "model": "admin.logentry",
  "pk": 26,
  "fields": {
    "action_time": "2025-05-15T09:54:46.130Z",
    "user": 1,
    "content_type": 9,
    "object_id": "6",
    "object_repr": "Ulysses Tillman",
    "action_flag": 2,
    "change_message": "[{\"added\": {\"name\": \"salon gallery\", \"object\": \"Gallery Image for Ulysses Tillman\"}}, {\"added\": {\"name\": \"salon gallery\", \"object\": \"Gallery Image for Ulysses Tillman\"}}]"
  }
},
{
  "model": "admin.logentry",
  "pk": 27,
  "fields": {
    "action_time": "2025-05-15T09:57:14.585Z",
    "user": 1,
    "content_type": 9,
    "object_id": "8",
    "object_repr": "Jerry Harmon",
    "action_flag": 2,
    "change_message": "[]"
  }
},
{
  "model": "admin.logentry",
  "pk": 28,
  "fields": {
    "action_time": "2025-05-15T12:22:10.338Z",
    "user": 1,
    "content_type": 9,
    "object_id": "7",
    "object_repr": "Georgia Campos",
    "action_flag": 2,
    "change_message": "[{\"added\": {\"name\": \"Salon Service\", \"object\": \"Eaton Stanton (Specialty) - Georgia Campos\"}}, {\"added\": {\"name\": \"Salon Service\", \"object\": \"Amaya Farley (Nails) - Georgia Campos\"}}, {\"added\": {\"name\": \"Salon Service\", \"object\": \"Isadora Brooks (Hair) - Georgia Campos\"}}]"
  }
},
{
  "model": "admin.logentry",
  "pk": 29,
  "fields": {
    "action_time": "2025-05-15T12:24:04.186Z",
    "user": 1,
    "content_type": 9,
    "object_id": "8",
    "object_repr": "Jerry Harmon",
    "action_flag": 2,
    "change_message": "[{\"added\": {\"name\": \"Salon Service\", \"object\": \"Ashton Michael (Skincare) - Jerry Harmon\"}}, {\"added\": {\"name\": \"Salon Service\", \"object\": \"Darrel Marks (Hair) - Jerry Harmon\"}}, {\"added\": {\"name\": \"Salon Service\", \"object\": \"Wade Mcknight (Hair) - Jerry Harmon\"}}]"
  }
},
{
  "model": "admin.logentry",
  "pk": 30,
  "fields": {
    "action_time": "2025-05-15T12:24:30.185Z",
    "user": 1,
    "content_type": 9,
    "object_id": "5",
    "object_repr": "Chadwick Hamilton",
    "action_flag": 2,
    "change_message": "[{\"added\": {\"name\": \"Salon Service\", \"object\": \"Aline Strickland (Nails) - Chadwick Hamilton\"}}, {\"added\": {\"name\": \"Salon Service\", \"object\": \"Madaline Craig (Makeup) - Chadwick Hamilton\"}}, {\"added\": {\"name\": \"Salon Service\", \"object\": \"Tanya Wilcox (Nails) - Chadwick Hamilton\"}}]"
  }
},
{
  "model": "admin.logentry",
  "pk": 31,
  "fields": {
    "action_time": "2025-05-15T12:41:21.955Z",
    "user": 1,
    "content_type": 9,
    "object_id": "9",
    "object_repr": "Tallulah Henderson",
    "action_flag": 1,
    "change_message": "[{\"added\": {}}, {\"added\": {\"name\": \"salon features\", \"object\": \"Shelley Branch (Tallulah Henderson)\"}}, {\"added\": {\"name\": \"salon features\", \"object\": \"Ishmael Craft (Tallulah Henderson)\"}}, {\"added\": {\"name\": \"salon features\", \"object\": \"Selma Ramirez (Tallulah Henderson)\"}}, {\"added\": {\"name\": \"salon faq\", \"object\": \"FAQ: Sapiente et iste sint optio...\"}}, {\"added\": {\"name\": \"salon faq\", \"object\": \"FAQ: Corporis sed eos assumenda officiis laboriosam lor...\"}}, {\"added\": {\"name\": \"salon faq\", \"object\": \"FAQ: Ea quia elit tempore assumenda ea ipsum quam ex se...\"}}, {\"added\": {\"name\": \"Salon Service\", \"object\": \"Shoshana Woodward (Skincare) - Tallulah Henderson\"}}, {\"added\": {\"name\": \"Salon Service\", \"object\": \"Ferris Horn (Massage) - Tallulah Henderson\"}}, {\"added\": {\"name\": \"Salon Service\", \"object\": \"George Rollins (Specialty) - Tallulah Henderson\"}}, {\"added\": {\"name\": \"Staff Member\", \"object\": \" - Manager at Tallulah Henderson\"}}, {\"added\": {\"name\": \"Staff Member\", \"object\": \"Connor Sheppard - Nail Technician at Tallulah Henderson\"}}, {\"added\": {\"name\": \"Staff Member\", \"object\": \" - Esthetician at Tallulah Henderson\"}}, {\"added\": {\"name\": \"salon parking\", \"object\": \"Parking info for Tallulah Henderson\"}}, {\"added\": {\"name\": \"salon amenity\", \"object\": \"McKenzie Daniel at Tallulah Henderson\"}}, {\"added\": {\"name\": \"salon payment option\", \"object\": \"Earum quo dolore consequatur qui obcaecati aliquip at Tallulah Henderson\"}}]"
  }
},
{
  "model": "admin.logentry",
  "pk": 32,
  "fields": {
    "action_time": "2025-05-15T12:43:23.648Z",
    "user": 1,
    "content_type": 9,
    "object_id": "9",
    "object_repr": "Tallulah Henderson",
    "action_flag": 2,
    "change_message": "[{\"added\": {\"name\": \"salon gallery\", \"object\": \"Gallery Image for Tallulah Henderson\"}}]"
  }
},
{
  "model": "admin.logentry",
  "pk": 33,
  "fields": {
    "action_time": "2025-05-15T13:06:01.374Z",
    "user": 1,
    "content_type": 9,
    "object_id": "5",
    "object_repr": "Chadwick Hamilton",
    "action_flag": 2,
    "change_message": "[{\"added\": {\"name\": \"salon gallery\", \"object\": \"Gallery Image for Chadwick Hamilton\"}}, {\"added\": {\"name\": \"salon gallery\", \"object\": \"Gallery Image for Chadwick Hamilton\"}}, {\"added\": {\"name\": \"salon gallery\", \"object\": \"Gallery Image for Chadwick Hamilton\"}}]"
  }
},
{
  "model": "admin.logentry",
  "pk": 34,
  "fields": {
    "action_time": "2025-05-15T13:09:58.089Z",
    "user": 1,
    "content_type": 9,
    "object_id": "5",
    "object_repr": "Chadwick Hamilton",
    "action_flag": 2,
    "change_message": "[]"
  }
},
{
  "model": "admin.logentry",
  "pk": 35,
  "fields": {
    "action_time": "2025-05-15T13:11:58.508Z",
    "user": 1,
    "content_type": 9,
    "object_id": "5",
    "object_repr": "Chadwick Hamilton",
    "action_flag": 2,
    "change_message": "[{\"added\": {\"name\": \"salon features\", \"object\": \"Cherokee Savage (Chadwick Hamilton)\"}}, {\"added\": {\"name\": \"salon features\", \"object\": \"Preston Stevenson (Chadwick Hamilton)\"}}, {\"added\": {\"name\": \"salon features\", \"object\": \"Charde Savage (Chadwick Hamilton)\"}}]"
  }
},
{
  "model": "admin.logentry",
  "pk": 36,
  "fields": {
    "action_time": "2025-05-15T13:23:02.836Z",
    "user": 1,
    "content_type": 9,
    "object_id": "5",
    "object_repr": "Chadwick Hamilton",
    "action_flag": 2,
    "change_message": "[{\"changed\": {\"name\": \"Salon Service\", \"object\": \"Madaline Craig (Makeup) - Chadwick Hamilton\", \"fields\": [\"Is active\", \"Image\"]}}, {\"changed\": {\"name\": \"Salon Service\", \"object\": \"Aline Strickland (Nails) - Chadwick Hamilton\", \"fields\": [\"Image\"]}}, {\"changed\": {\"name\": \"Salon Service\", \"object\": \"Tanya Wilcox (Nails) - Chadwick Hamilton\", \"fields\": [\"Is active\", \"Image\"]}}]"
  }
},
{
  "model": "admin.logentry",
  "pk": 37,
  "fields": {
    "action_time": "2025-05-15T14:48:47.798Z",
    "user": 1,
    "content_type": 9,
    "object_id": "8",
    "object_repr": "Jerry Harmon",
    "action_flag": 2,
    "change_message": "[{\"changed\": {\"name\": \"Salon Service\", \"object\": \"Darrel Marks (Hair) - Jerry Harmon\", \"fields\": [\"Is active\"]}}, {\"changed\": {\"name\": \"Salon Service\", \"object\": \"Wade Mcknight (Hair) - Jerry Harmon\", \"fields\": [\"Is active\"]}}, {\"changed\": {\"name\": \"Salon Service\", \"object\": \"Ashton Michael (Skincare) - Jerry Harmon\", \"fields\": [\"Is active\"]}}]"
  }
},
{
  "model": "admin.logentry",
  "pk": 38,
  "fields": {
    "action_time": "2025-05-15T14:49:18.707Z",
    "user": 1,
    "content_type": 9,
    "object_id": "8",
    "object_repr": "Jerry Harmon",
    "action_flag": 2,
    "change_message": "[{\"changed\": {\"name\": \"Salon Service\", \"object\": \"Wade Mcknight (Hair) - Jerry Harmon\", \"fields\": [\"Is active\"]}}]"
  }
},
{
  "model": "admin.logentry",
  "pk": 39,
  "fields": {
    "action_time": "2025-05-17T15:07:42.135Z",
    "user": 1,
    "content_type": 9,
    "object_id": "5",
    "object_repr": "Chadwick Hamilton",
    "action_flag": 2,
    "change_message": "[{\"added\": {\"name\": \"Staff Member\", \"object\": \" - Hair Stylist at Chadwick Hamilton\"}}]"
  }
},
{
  "model": "admin.logentry",
  "pk": 40,
  "fields": {
    "action_time": "2025-05-17T19:11:00.190Z",
    "user": 1,
    "content_type": 9,
    "object_id": "5",
    "object_repr": "Chadwick Hamilton",
    "action_flag": 2,
    "change_message": "[{\"added\": {\"name\": \"Staff Member\", \"object\": \"Nerea Gallagher - Barber at Chadwick Hamilton\"}}]"
  }
},
{
  "model": "admin.logentry",
  "pk": 41,
  "fields": {
    "action_time": "2025-05-17T19:13:32.677Z",
    "user": 1,
    "content_type": 9,
    "object_id": "5",
    "object_repr": "Chadwick Hamilton",
    "action_flag": 2,
    "change_message": "[{\"changed\": {\"name\": \"Staff Member\", \"object\": \"Nerea Gallagher - Barber at Chadwick Hamilton\", \"fields\": [\"Profile pic\"]}}]"
  }
},
{
  "model": "admin.logentry",
  "pk": 42,
  "fields": {
    "action_time": "2025-05-17T19:19:32.781Z",
    "user": 1,
    "content_type": 9,
    "object_id": "5",
    "object_repr": "Chadwick Hamilton",
    "action_flag": 2,
    "change_message": "[{\"changed\": {\"name\": \"Staff Member\", \"object\": \"Nerea Gallagher - Barber at Chadwick Hamilton\", \"fields\": [\"Profile pic\"]}}]"
  }
},
{
  "model": "admin.logentry",
  "pk": 43,
  "fields": {
    "action_time": "2025-05-20T17:46:05.423Z",
    "user": 1,
    "content_type": 9,
    "object_id": "9",
    "object_repr": "Tallulah Henderson",
    "action_flag": 3,
    "change_message": ""
  }
},
{
  "model": "admin.logentry",
  "pk": 44,
  "fields": {
    "action_time": "2025-05-20T17:55:19.975Z",
    "user": 1,
    "content_type": 9,
    "object_id": "8",
    "object_repr": "Jerry Harmon",
    "action_flag": 2,
    "change_message": "[{\"added\": {\"name\": \"Staff Member\", \"object\": \"Connor Sheppard - Barber at Jerry Harmon\"}}]"
  }
},
{
  "model": "admin.logentry",
  "pk": 45,
  "fields": {
    "action_time": "2025-05-28T14:36:31.803Z",
    "user": 1,
    "content_type": 9,
    "object_id": "8",
    "object_repr": "Jerry Harmon",
    "action_flag": 2,
    "change_message": "[{\"changed\": {\"name\": \"Salon Service\", \"object\": \"Darrel Marks (Hair) - Jerry Harmon\", \"fields\": [\"Gender\", \"Image\"]}}, {\"changed\": {\"name\": \"Salon Service\", \"object\": \"Wade Mcknight (Hair) - Jerry Harmon\", \"fields\": [\"Gender\", \"Is active\", \"Image\"]}}, {\"changed\": {\"name\": \"Salon Service\", \"object\": \"Ashton Michael (Skincare) - Jerry Harmon\", \"fields\": [\"Image\"]}}]"
  }
},
{
  "model": "admin.logentry",
  "pk": 46,
  "fields": {
    "action_time": "2025-05-28T15:18:34.232Z",
    "user": 1,
    "content_type": 9,
    "object_id": "8",
    "object_repr": "Jerry Harmon",
    "action_flag": 2,
    "change_message": "[{\"added\": {\"name\": \"Salon Service\", \"object\": \"ergsgsdfg (Waxing) - Jerry Harmon\"}}]"
  }
},
{
  "model": "admin.logentry",
  "pk": 47,
  "fields": {
    "action_time": "2025-06-11T07:34:13.281Z",
    "user": 1,
    "content_type": 9,
    "object_id": "3",
    "object_repr": "Tad Solomon",
    "action_flag": 2,
    "change_message": "[{\"changed\": {\"fields\": [\"Status\"]}}]"
  }
},
{
  "model": "admin.logentry",
  "pk": 48,
  "fields": {
    "action_time": "2025-06-11T07:34:26.488Z",
    "user": 1,
    "content_type": 9,
    "object_id": "2",
    "object_repr": "Alisa Bush",
    "action_flag": 2,
    "change_message": "[{\"changed\": {\"fields\": [\"Status\"]}}]"
  }
},
{
  "model": "admin.logentry",
  "pk": 49,
  "fields": {
    "action_time": "2025-06-16T15:12:46.136Z",
    "user": 1,
    "content_type": 9,
    "object_id": "8",
    "object_repr": "Jerry Harmon",
    "action_flag": 2,
    "change_message": "[{\"changed\": {\"fields\": [\"Image\"]}}]"
  }
},
{
  "model": "auth.permission",
  "pk": 1,
  "fields": {
    "name": "Can add log entry",
    "content_type": 1,
    "codename": "add_logentry"
  }
},
{
  "model": "auth.permission",
  "pk": 2,
  "fields": {
    "name": "Can change log entry",
    "content_type": 1,
    "codename": "change_logentry"
  }
},
{
  "model": "auth.permission",
  "pk": 3,
  "fields": {
    "name": "Can delete log entry",
    "content_type": 1,
    "codename": "delete_logentry"
  }
},
{
  "model": "auth.permission",
  "pk": 4,
  "fields": {
    "name": "Can view log entry",
    "content_type": 1,
    "codename": "view_logentry"
  }
},
{
  "model": "auth.permission",
  "pk": 5,
  "fields": {
    "name": "Can add permission",
    "content_type": 2,
    "codename": "add_permission"
  }
},
{
  "model": "auth.permission",
  "pk": 6,
  "fields": {
    "name": "Can change permission",
    "content_type": 2,
    "codename": "change_permission"
  }
},
{
  "model": "auth.permission",
  "pk": 7,
  "fields": {
    "name": "Can delete permission",
    "content_type": 2,
    "codename": "delete_permission"
  }
},
{
  "model": "auth.permission",
  "pk": 8,
  "fields": {
    "name": "Can view permission",
    "content_type": 2,
    "codename": "view_permission"
  }
},
{
  "model": "auth.permission",
  "pk": 9,
  "fields": {
    "name": "Can add group",
    "content_type": 3,
    "codename": "add_group"
  }
},
{
  "model": "auth.permission",
  "pk": 10,
  "fields": {
    "name": "Can change group",
    "content_type": 3,
    "codename": "change_group"
  }
},
{
  "model": "auth.permission",
  "pk": 11,
  "fields": {
    "name": "Can delete group",
    "content_type": 3,
    "codename": "delete_group"
  }
},
{
  "model": "auth.permission",
  "pk": 12,
  "fields": {
    "name": "Can view group",
    "content_type": 3,
    "codename": "view_group"
  }
},
{
  "model": "auth.permission",
  "pk": 13,
  "fields": {
    "name": "Can add content type",
    "content_type": 4,
    "codename": "add_contenttype"
  }
},
{
  "model": "auth.permission",
  "pk": 14,
  "fields": {
    "name": "Can change content type",
    "content_type": 4,
    "codename": "change_contenttype"
  }
},
{
  "model": "auth.permission",
  "pk": 15,
  "fields": {
    "name": "Can delete content type",
    "content_type": 4,
    "codename": "delete_contenttype"
  }
},
{
  "model": "auth.permission",
  "pk": 16,
  "fields": {
    "name": "Can view content type",
    "content_type": 4,
    "codename": "view_contenttype"
  }
},
{
  "model": "auth.permission",
  "pk": 17,
  "fields": {
    "name": "Can add session",
    "content_type": 5,
    "codename": "add_session"
  }
},
{
  "model": "auth.permission",
  "pk": 18,
  "fields": {
    "name": "Can change session",
    "content_type": 5,
    "codename": "change_session"
  }
},
{
  "model": "auth.permission",
  "pk": 19,
  "fields": {
    "name": "Can delete session",
    "content_type": 5,
    "codename": "delete_session"
  }
},
{
  "model": "auth.permission",
  "pk": 20,
  "fields": {
    "name": "Can view session",
    "content_type": 5,
    "codename": "view_session"
  }
},
{
  "model": "auth.permission",
  "pk": 21,
  "fields": {
    "name": "Can add tag",
    "content_type": 6,
    "codename": "add_tag"
  }
},
{
  "model": "auth.permission",
  "pk": 22,
  "fields": {
    "name": "Can change tag",
    "content_type": 6,
    "codename": "change_tag"
  }
},
{
  "model": "auth.permission",
  "pk": 23,
  "fields": {
    "name": "Can delete tag",
    "content_type": 6,
    "codename": "delete_tag"
  }
},
{
  "model": "auth.permission",
  "pk": 24,
  "fields": {
    "name": "Can view tag",
    "content_type": 6,
    "codename": "view_tag"
  }
},
{
  "model": "auth.permission",
  "pk": 25,
  "fields": {
    "name": "Can add tagged item",
    "content_type": 7,
    "codename": "add_taggeditem"
  }
},
{
  "model": "auth.permission",
  "pk": 26,
  "fields": {
    "name": "Can change tagged item",
    "content_type": 7,
    "codename": "change_taggeditem"
  }
},
{
  "model": "auth.permission",
  "pk": 27,
  "fields": {
    "name": "Can delete tagged item",
    "content_type": 7,
    "codename": "delete_taggeditem"
  }
},
{
  "model": "auth.permission",
  "pk": 28,
  "fields": {
    "name": "Can view tagged item",
    "content_type": 7,
    "codename": "view_taggeditem"
  }
},
{
  "model": "auth.permission",
  "pk": 29,
  "fields": {
    "name": "Can add Booking",
    "content_type": 8,
    "codename": "add_booking"
  }
},
{
  "model": "auth.permission",
  "pk": 30,
  "fields": {
    "name": "Can change Booking",
    "content_type": 8,
    "codename": "change_booking"
  }
},
{
  "model": "auth.permission",
  "pk": 31,
  "fields": {
    "name": "Can delete Booking",
    "content_type": 8,
    "codename": "delete_booking"
  }
},
{
  "model": "auth.permission",
  "pk": 32,
  "fields": {
    "name": "Can view Booking",
    "content_type": 8,
    "codename": "view_booking"
  }
},
{
  "model": "auth.permission",
  "pk": 33,
  "fields": {
    "name": "Can add Salon",
    "content_type": 9,
    "codename": "add_salon"
  }
},
{
  "model": "auth.permission",
  "pk": 34,
  "fields": {
    "name": "Can change Salon",
    "content_type": 9,
    "codename": "change_salon"
  }
},
{
  "model": "auth.permission",
  "pk": 35,
  "fields": {
    "name": "Can delete Salon",
    "content_type": 9,
    "codename": "delete_salon"
  }
},
{
  "model": "auth.permission",
  "pk": 36,
  "fields": {
    "name": "Can view Salon",
    "content_type": 9,
    "codename": "view_salon"
  }
},
{
  "model": "auth.permission",
  "pk": 37,
  "fields": {
    "name": "Can add salon faq",
    "content_type": 10,
    "codename": "add_salonfaq"
  }
},
{
  "model": "auth.permission",
  "pk": 38,
  "fields": {
    "name": "Can change salon faq",
    "content_type": 10,
    "codename": "change_salonfaq"
  }
},
{
  "model": "auth.permission",
  "pk": 39,
  "fields": {
    "name": "Can delete salon faq",
    "content_type": 10,
    "codename": "delete_salonfaq"
  }
},
{
  "model": "auth.permission",
  "pk": 40,
  "fields": {
    "name": "Can view salon faq",
    "content_type": 10,
    "codename": "view_salonfaq"
  }
},
{
  "model": "auth.permission",
  "pk": 41,
  "fields": {
    "name": "Can add salon features",
    "content_type": 11,
    "codename": "add_salonfeatures"
  }
},
{
  "model": "auth.permission",
  "pk": 42,
  "fields": {
    "name": "Can change salon features",
    "content_type": 11,
    "codename": "change_salonfeatures"
  }
},
{
  "model": "auth.permission",
  "pk": 43,
  "fields": {
    "name": "Can delete salon features",
    "content_type": 11,
    "codename": "delete_salonfeatures"
  }
},
{
  "model": "auth.permission",
  "pk": 44,
  "fields": {
    "name": "Can view salon features",
    "content_type": 11,
    "codename": "view_salonfeatures"
  }
},
{
  "model": "auth.permission",
  "pk": 45,
  "fields": {
    "name": "Can add salon gallery",
    "content_type": 12,
    "codename": "add_salongallery"
  }
},
{
  "model": "auth.permission",
  "pk": 46,
  "fields": {
    "name": "Can change salon gallery",
    "content_type": 12,
    "codename": "change_salongallery"
  }
},
{
  "model": "auth.permission",
  "pk": 47,
  "fields": {
    "name": "Can delete salon gallery",
    "content_type": 12,
    "codename": "delete_salongallery"
  }
},
{
  "model": "auth.permission",
  "pk": 48,
  "fields": {
    "name": "Can view salon gallery",
    "content_type": 12,
    "codename": "view_salongallery"
  }
},
{
  "model": "auth.permission",
  "pk": 49,
  "fields": {
    "name": "Can add Salon Service",
    "content_type": 13,
    "codename": "add_salonservices"
  }
},
{
  "model": "auth.permission",
  "pk": 50,
  "fields": {
    "name": "Can change Salon Service",
    "content_type": 13,
    "codename": "change_salonservices"
  }
},
{
  "model": "auth.permission",
  "pk": 51,
  "fields": {
    "name": "Can delete Salon Service",
    "content_type": 13,
    "codename": "delete_salonservices"
  }
},
{
  "model": "auth.permission",
  "pk": 52,
  "fields": {
    "name": "Can view Salon Service",
    "content_type": 13,
    "codename": "view_salonservices"
  }
},
{
  "model": "auth.permission",
  "pk": 53,
  "fields": {
    "name": "Can add Staff Member",
    "content_type": 14,
    "codename": "add_staffonduty"
  }
},
{
  "model": "auth.permission",
  "pk": 54,
  "fields": {
    "name": "Can change Staff Member",
    "content_type": 14,
    "codename": "change_staffonduty"
  }
},
{
  "model": "auth.permission",
  "pk": 55,
  "fields": {
    "name": "Can delete Staff Member",
    "content_type": 14,
    "codename": "delete_staffonduty"
  }
},
{
  "model": "auth.permission",
  "pk": 56,
  "fields": {
    "name": "Can view Staff Member",
    "content_type": 14,
    "codename": "view_staffonduty"
  }
},
{
  "model": "auth.permission",
  "pk": 57,
  "fields": {
    "name": "Can add user",
    "content_type": 15,
    "codename": "add_user"
  }
},
{
  "model": "auth.permission",
  "pk": 58,
  "fields": {
    "name": "Can change user",
    "content_type": 15,
    "codename": "change_user"
  }
},
{
  "model": "auth.permission",
  "pk": 59,
  "fields": {
    "name": "Can delete user",
    "content_type": 15,
    "codename": "delete_user"
  }
},
{
  "model": "auth.permission",
  "pk": 60,
  "fields": {
    "name": "Can view user",
    "content_type": 15,
    "codename": "view_user"
  }
},
{
  "model": "auth.permission",
  "pk": 61,
  "fields": {
    "name": "Can add profile",
    "content_type": 16,
    "codename": "add_profile"
  }
},
{
  "model": "auth.permission",
  "pk": 62,
  "fields": {
    "name": "Can change profile",
    "content_type": 16,
    "codename": "change_profile"
  }
},
{
  "model": "auth.permission",
  "pk": 63,
  "fields": {
    "name": "Can delete profile",
    "content_type": 16,
    "codename": "delete_profile"
  }
},
{
  "model": "auth.permission",
  "pk": 64,
  "fields": {
    "name": "Can view profile",
    "content_type": 16,
    "codename": "view_profile"
  }
},
{
  "model": "auth.permission",
  "pk": 65,
  "fields": {
    "name": "Can add Salon Notification",
    "content_type": 17,
    "codename": "add_salonnotification"
  }
},
{
  "model": "auth.permission",
  "pk": 66,
  "fields": {
    "name": "Can change Salon Notification",
    "content_type": 17,
    "codename": "change_salonnotification"
  }
},
{
  "model": "auth.permission",
  "pk": 67,
  "fields": {
    "name": "Can delete Salon Notification",
    "content_type": 17,
    "codename": "delete_salonnotification"
  }
},
{
  "model": "auth.permission",
  "pk": 68,
  "fields": {
    "name": "Can view Salon Notification",
    "content_type": 17,
    "codename": "view_salonnotification"
  }
},
{
  "model": "auth.permission",
  "pk": 69,
  "fields": {
    "name": "Can add Salon Review",
    "content_type": 18,
    "codename": "add_salonreview"
  }
},
{
  "model": "auth.permission",
  "pk": 70,
  "fields": {
    "name": "Can change Salon Review",
    "content_type": 18,
    "codename": "change_salonreview"
  }
},
{
  "model": "auth.permission",
  "pk": 71,
  "fields": {
    "name": "Can delete Salon Review",
    "content_type": 18,
    "codename": "delete_salonreview"
  }
},
{
  "model": "auth.permission",
  "pk": 72,
  "fields": {
    "name": "Can view Salon Review",
    "content_type": 18,
    "codename": "view_salonreview"
  }
},
{
  "model": "auth.permission",
  "pk": 73,
  "fields": {
    "name": "Can add salon working hours",
    "content_type": 19,
    "codename": "add_salonworkinghours"
  }
},
{
  "model": "auth.permission",
  "pk": 74,
  "fields": {
    "name": "Can change salon working hours",
    "content_type": 19,
    "codename": "change_salonworkinghours"
  }
},
{
  "model": "auth.permission",
  "pk": 75,
  "fields": {
    "name": "Can delete salon working hours",
    "content_type": 19,
    "codename": "delete_salonworkinghours"
  }
},
{
  "model": "auth.permission",
  "pk": 76,
  "fields": {
    "name": "Can view salon working hours",
    "content_type": 19,
    "codename": "view_salonworkinghours"
  }
},
{
  "model": "auth.permission",
  "pk": 77,
  "fields": {
    "name": "Can add salon amenity",
    "content_type": 20,
    "codename": "add_salonamenity"
  }
},
{
  "model": "auth.permission",
  "pk": 78,
  "fields": {
    "name": "Can change salon amenity",
    "content_type": 20,
    "codename": "change_salonamenity"
  }
},
{
  "model": "auth.permission",
  "pk": 79,
  "fields": {
    "name": "Can delete salon amenity",
    "content_type": 20,
    "codename": "delete_salonamenity"
  }
},
{
  "model": "auth.permission",
  "pk": 80,
  "fields": {
    "name": "Can view salon amenity",
    "content_type": 20,
    "codename": "view_salonamenity"
  }
},
{
  "model": "auth.permission",
  "pk": 81,
  "fields": {
    "name": "Can add salon payment option",
    "content_type": 21,
    "codename": "add_salonpaymentoption"
  }
},
{
  "model": "auth.permission",
  "pk": 82,
  "fields": {
    "name": "Can change salon payment option",
    "content_type": 21,
    "codename": "change_salonpaymentoption"
  }
},
{
  "model": "auth.permission",
  "pk": 83,
  "fields": {
    "name": "Can delete salon payment option",
    "content_type": 21,
    "codename": "delete_salonpaymentoption"
  }
},
{
  "model": "auth.permission",
  "pk": 84,
  "fields": {
    "name": "Can view salon payment option",
    "content_type": 21,
    "codename": "view_salonpaymentoption"
  }
},
{
  "model": "auth.permission",
  "pk": 85,
  "fields": {
    "name": "Can add salon parking",
    "content_type": 22,
    "codename": "add_salonparking"
  }
},
{
  "model": "auth.permission",
  "pk": 86,
  "fields": {
    "name": "Can change salon parking",
    "content_type": 22,
    "codename": "change_salonparking"
  }
},
{
  "model": "auth.permission",
  "pk": 87,
  "fields": {
    "name": "Can delete salon parking",
    "content_type": 22,
    "codename": "delete_salonparking"
  }
},
{
  "model": "auth.permission",
  "pk": 88,
  "fields": {
    "name": "Can view salon parking",
    "content_type": 22,
    "codename": "view_salonparking"
  }
},
{
  "model": "auth.permission",
  "pk": 89,
  "fields": {
    "name": "Can add Payment",
    "content_type": 23,
    "codename": "add_payment"
  }
},
{
  "model": "auth.permission",
  "pk": 90,
  "fields": {
    "name": "Can change Payment",
    "content_type": 23,
    "codename": "change_payment"
  }
},
{
  "model": "auth.permission",
  "pk": 91,
  "fields": {
    "name": "Can delete Payment",
    "content_type": 23,
    "codename": "delete_payment"
  }
},
{
  "model": "auth.permission",
  "pk": 92,
  "fields": {
    "name": "Can view Payment",
    "content_type": 23,
    "codename": "view_payment"
  }
},
{
  "model": "contenttypes.contenttype",
  "pk": 1,
  "fields": {
    "app_label": "admin",
    "model": "logentry"
  }
},
{
  "model": "contenttypes.contenttype",
  "pk": 2,
  "fields": {
    "app_label": "auth",
    "model": "permission"
  }
},
{
  "model": "contenttypes.contenttype",
  "pk": 3,
  "fields": {
    "app_label": "auth",
    "model": "group"
  }
},
{
  "model": "contenttypes.contenttype",
  "pk": 4,
  "fields": {
    "app_label": "contenttypes",
    "model": "contenttype"
  }
},
{
  "model": "contenttypes.contenttype",
  "pk": 5,
  "fields": {
    "app_label": "sessions",
    "model": "session"
  }
},
{
  "model": "contenttypes.contenttype",
  "pk": 6,
  "fields": {
    "app_label": "taggit",
    "model": "tag"
  }
},
{
  "model": "contenttypes.contenttype",
  "pk": 7,
  "fields": {
    "app_label": "taggit",
    "model": "taggeditem"
  }
},
{
  "model": "contenttypes.contenttype",
  "pk": 8,
  "fields": {
    "app_label": "salon",
    "model": "booking"
  }
},
{
  "model": "contenttypes.contenttype",
  "pk": 9,
  "fields": {
    "app_label": "salon",
    "model": "salon"
  }
},
{
  "model": "contenttypes.contenttype",
  "pk": 10,
  "fields": {
    "app_label": "salon",
    "model": "salonfaq"
  }
},
{
  "model": "contenttypes.contenttype",
  "pk": 11,
  "fields": {
    "app_label": "salon",
    "model": "salonfeatures"
  }
},
{
  "model": "contenttypes.contenttype",
  "pk": 12,
  "fields": {
    "app_label": "salon",
    "model": "salongallery"
  }
},
{
  "model": "contenttypes.contenttype",
  "pk": 13,
  "fields": {
    "app_label": "salon",
    "model": "salonservices"
  }
},
{
  "model": "contenttypes.contenttype",
  "pk": 14,
  "fields": {
    "app_label": "salon",
    "model": "staffonduty"
  }
},
{
  "model": "contenttypes.contenttype",
  "pk": 15,
  "fields": {
    "app_label": "userauthentication",
    "model": "user"
  }
},
{
  "model": "contenttypes.contenttype",
  "pk": 16,
  "fields": {
    "app_label": "userauthentication",
    "model": "profile"
  }
},
{
  "model": "contenttypes.contenttype",
  "pk": 17,
  "fields": {
    "app_label": "salon",
    "model": "salonnotification"
  }
},
{
  "model": "contenttypes.contenttype",
  "pk": 18,
  "fields": {
    "app_label": "salon",
    "model": "salonreview"
  }
},
{
  "model": "contenttypes.contenttype",
  "pk": 19,
  "fields": {
    "app_label": "salon",
    "model": "salonworkinghours"
  }
},
{
  "model": "contenttypes.contenttype",
  "pk": 20,
  "fields": {
    "app_label": "salon",
    "model": "salonamenity"
  }
},
{
  "model": "contenttypes.contenttype",
  "pk": 21,
  "fields": {
    "app_label": "salon",
    "model": "salonpaymentoption"
  }
},
{
  "model": "contenttypes.contenttype",
  "pk": 22,
  "fields": {
    "app_label": "salon",
    "model": "salonparking"
  }
},
{
  "model": "contenttypes.contenttype",
  "pk": 23,
  "fields": {
    "app_label": "salon",
    "model": "payment"
  }
},
{
  "model": "sessions.session",
  "pk": "0lw10ikldi30u7eryu024qj8b8wrzzkj",
  "fields": {
    "session_data": ".eJxVjMsOwiAQRf-FtSEMw6O4dO83EJgBWzU0Ke3K-O_apAvd3nPOfYmYtnWMWy9LnFicBYjT75YTPUrbAd9Tu82S5rYuU5a7Ig_a5XXm8rwc7t_BmPr4rdXgSkDMPtjMZmALhlGbVE3AxBoBLaEvTgEOAETeV9JBFayAhpwR7w-_bzbe:1uQ8G7:nnYinOuC2DCBEFM2UZaHmQvnk_nGxyzjit1wnYoDK2E",
    "expire_date": "2025-06-13T18:02:07.010Z"
  }
},
{
  "model": "sessions.session",
  "pk": "0sp8am91vvdm66se71kwyj5ihk6iofra",
  "fields": {
    "session_data": ".eJxVjMsOwiAQRf-FtSEMw6O4dO83EJgBWzU0Ke3K-O_apAvd3nPOfYmYtnWMWy9LnFicBYjT75YTPUrbAd9Tu82S5rYuU5a7Ig_a5XXm8rwc7t_BmPr4rdXgSkDMPtjMZmALhlGbVE3AxBoBLaEvTgEOAETeV9JBFayAhpwR7w-_bzbe:1uKDDE:Mql0wTTWre8R2lHWlYnFg52ToJfMtEMB9MMiDeE-914",
    "expire_date": "2025-05-28T10:06:40.391Z"
  }
},
{
  "model": "sessions.session",
  "pk": "0ttficn1vobco1yhmvtibjj3oh6gsndu",
  "fields": {
    "session_data": ".eJxVjMsOwiAQRf-FtSEMw6O4dO83EJgBWzU0Ke3K-O_apAvd3nPOfYmYtnWMWy9LnFicBYjT75YTPUrbAd9Tu82S5rYuU5a7Ig_a5XXm8rwc7t_BmPr4rdXgSkDMPtjMZmALhlGbVE3AxBoBLaEvTgEOAETeV9JBFayAhpwR7w-_bzbe:1uFKCz:eJ_jI6YoDGG86pGz5cw8htYPXX399Nw2Kf5pXnnMKd4",
    "expire_date": "2025-05-14T22:34:13.883Z"
  }
},
{
  "model": "sessions.session",
  "pk": "1f205lls04s3fxvufcasv5k3l167dgaa",
  "fields": {
    "session_data": ".eJxVjMsOwiAQRf-FtSEMw6O4dO83EJgBWzU0Ke3K-O_apAvd3nPOfYmYtnWMWy9LnFicBYjT75YTPUrbAd9Tu82S5rYuU5a7Ig_a5XXm8rwc7t_BmPr4rdXgSkDMPtjMZmALhlGbVE3AxBoBLaEvTgEOAETeV9JBFayAhpwR7w-_bzbe:1uIo1e:hsYWI2U1bW1mFjgxrK2eb3Uel_cYMo7J5eQLInXBw2k",
    "expire_date": "2025-05-24T13:00:54.504Z"
  }
},
{
  "model": "sessions.session",
  "pk": "29viywcoso6jp8fwee0avctqs5tmdrzy",
  "fields": {
    "session_data": ".eJxVjMsOwiAQRf-FtSEMw6O4dO83EJgBWzU0Ke3K-O_apAvd3nPOfYmYtnWMWy9LnFicBYjT75YTPUrbAd9Tu82S5rYuU5a7Ig_a5XXm8rwc7t_BmPr4rdXgSkDMPtjMZmALhlGbVE3AxBoBLaEvTgEOAETeV9JBFayAhpwR7w-_bzbe:1uGNFg:_Wl4Zv23IcluPC1v1W23WEWSLFwEDJYZeIjaxuKUw4g",
    "expire_date": "2025-05-17T20:01:20.589Z"
  }
},
{
  "model": "sessions.session",
  "pk": "2bs5ocr3z9bwraq78mxl7s655ka8d5hi",
  "fields": {
    "session_data": ".eJxVjMsOwiAQRf-FtSEMw6O4dO83EJgBWzU0Ke3K-O_apAvd3nPOfYmYtnWMWy9LnFicBYjT75YTPUrbAd9Tu82S5rYuU5a7Ig_a5XXm8rwc7t_BmPr4rdXgSkDMPtjMZmALhlGbVE3AxBoBLaEvTgEOAETeV9JBFayAhpwR7w-_bzbe:1uMofp:fm0Z4dYfKmcnA9G8H7dLDDN9mRW7NVMVhemboYtXkV4",
    "expire_date": "2025-06-04T14:30:57.854Z"
  }
},
{
  "model": "sessions.session",
  "pk": "3a8i7le070plc5i57i6oo7o773i2wwzu",
  "fields": {
    "session_data": ".eJxVjMsOwiAQRf-FtSEMw6O4dO83EJgBWzU0Ke3K-O_apAvd3nPOfYmYtnWMWy9LnFicBYjT75YTPUrbAd9Tu82S5rYuU5a7Ig_a5XXm8rwc7t_BmPr4rdXgSkDMPtjMZmALhlGbVE3AxBoBLaEvTgEOAETeV9JBFayAhpwR7w-_bzbe:1uFYNy:SQza0QbVjbFSIicHLzi798Hgte6JXBZW-l1MZBPI0po",
    "expire_date": "2025-05-15T13:42:30.525Z"
  }
},
{
  "model": "sessions.session",
  "pk": "3wf7u1hod5edpwcl5etb3292ejwlax4t",
  "fields": {
    "session_data": ".eJxVjMsOwiAQRf-FtSEMw6O4dO83EJgBWzU0Ke3K-O_apAvd3nPOfYmYtnWMWy9LnFicBYjT75YTPUrbAd9Tu82S5rYuU5a7Ig_a5XXm8rwc7t_BmPr4rdXgSkDMPtjMZmALhlGbVE3AxBoBLaEvTgEOAETeV9JBFayAhpwR7w-_bzbe:1uKIYK:0I3keM5J4PnE4hUkFL0NwNiW8ElE0Q4p4YwZZOEa0Gk",
    "expire_date": "2025-05-28T15:48:48.882Z"
  }
},
{
  "model": "sessions.session",
  "pk": "4ryj541zb062nxuyli7tb4qqcm790mrn",
  "fields": {
    "session_data": ".eJxVjMsOwiAQRf-FtSEMw6O4dO83EJgBWzU0Ke3K-O_apAvd3nPOfYmYtnWMWy9LnFicBYjT75YTPUrbAd9Tu82S5rYuU5a7Ig_a5XXm8rwc7t_BmPr4rdXgSkDMPtjMZmALhlGbVE3AxBoBLaEvTgEOAETeV9JBFayAhpwR7w-_bzbe:1uFZSK:Br8hb_PHylYjYbKez1fYiVm12zDdUkh6KmmHGOzzskE",
    "expire_date": "2025-05-15T14:51:04.766Z"
  }
},
{
  "model": "sessions.session",
  "pk": "5173pj6ypk98x0cyie9uwhllj5xeekd7",
  "fields": {
    "session_data": ".eJxVjEEOwiAQRe_C2hBAKODSfc9AZmBGqoYmpV0Z765NutDtf-_9l0iwrTVtnZY0FXERUZx-N4T8oLaDcod2m2We27pMKHdFHrTLcS70vB7u30GFXr81s1UmeuZAXvMQcg6OFQTMhbW3gOpstDN2IHJEgUuJ5BBVRmattBfvDwmCOQM:1uBCe8:X1PwGetIljQEyp_TMrNqLiscxG4YYkZUlydHvbLlcEM",
    "expire_date": "2025-05-03T13:41:12.394Z"
  }
},
{
  "model": "sessions.session",
  "pk": "6n6yg6cgtflwdz16abnnhr88nsqp6h36",
  "fields": {
    "session_data": ".eJxVjMsOwiAQRf-FtSEMw6O4dO83EJgBWzU0Ke3K-O_apAvd3nPOfYmYtnWMWy9LnFicBYjT75YTPUrbAd9Tu82S5rYuU5a7Ig_a5XXm8rwc7t_BmPr4rdXgSkDMPtjMZmALhlGbVE3AxBoBLaEvTgEOAETeV9JBFayAhpwR7w-_bzbe:1uPapa:yNT9RuK3XjtDcS3GZKs0vYS9-FaQx7sd9alfBr3MNgo",
    "expire_date": "2025-06-12T06:20:30.663Z"
  }
},
{
  "model": "sessions.session",
  "pk": "7ynucw4tkhxc6b9amypl11hb8c24bghe",
  "fields": {
    "session_data": ".eJxVjMsOwiAQRf-FtSEMw6O4dO83EJgBWzU0Ke3K-O_apAvd3nPOfYmYtnWMWy9LnFicBYjT75YTPUrbAd9Tu82S5rYuU5a7Ig_a5XXm8rwc7t_BmPr4rdXgSkDMPtjMZmALhlGbVE3AxBoBLaEvTgEOAETeV9JBFayAhpwR7w-_bzbe:1uH5lQ:tk3djg7a_F1FtfxV_pB_C8j2A0ddxZ2tIF5vMQPNHiY",
    "expire_date": "2025-05-19T19:33:04.454Z"
  }
},
{
  "model": "sessions.session",
  "pk": "8enzptqz5jtj968qc6hiws6m82reeenq",
  "fields": {
    "session_data": ".eJxVjMsOwiAQRf-FtSEMw6O4dO83EJgBWzU0Ke3K-O_apAvd3nPOfYmYtnWMWy9LnFicBYjT75YTPUrbAd9Tu82S5rYuU5a7Ig_a5XXm8rwc7t_BmPr4rdXgSkDMPtjMZmALhlGbVE3AxBoBLaEvTgEOAETeV9JBFayAhpwR7w-_bzbe:1uFVL0:af9cV89T8Va8hhNDNa9P1Gqpy2yG5oNRgAnTO8hgvOI",
    "expire_date": "2025-05-15T10:27:14.841Z"
  }
},
{
  "model": "sessions.session",
  "pk": "b5lvs8vp0uqj38v88w73ehir2xr420lc",
  "fields": {
    "session_data": ".eJxVjMsOwiAQRf-FtSEMw6O4dO83EJgBWzU0Ke3K-O_apAvd3nPOfYmYtnWMWy9LnFicBYjT75YTPUrbAd9Tu82S5rYuU5a7Ig_a5XXm8rwc7t_BmPr4rdXgSkDMPtjMZmALhlGbVE3AxBoBLaEvTgEOAETeV9JBFayAhpwR7w-_bzbe:1uIpUP:Sr2Z56ZUVcyushikh_nOJ2d5HBIMmEmMkkH8L5zlhMg",
    "expire_date": "2025-05-24T14:34:41.217Z"
  }
},
{
  "model": "sessions.session",
  "pk": "bbl22fgmsr3fy7wfqyj2v5friyazxe87",
  "fields": {
    "session_data": ".eJxVjMsOwiAQRf-FtSEMw6O4dO83EJgBWzU0Ke3K-O_apAvd3nPOfYmYtnWMWy9LnFicBYjT75YTPUrbAd9Tu82S5rYuU5a7Ig_a5XXm8rwc7t_BmPr4rdXgSkDMPtjMZmALhlGbVE3AxBoBLaEvTgEOAETeV9JBFayAhpwR7w-_bzbe:1uPg2x:30mC6Pw9KQIWE1_I-8zyU_UcL5y_TqNsr50yPDNMzzU",
    "expire_date": "2025-06-12T11:54:39.523Z"
  }
},
{
  "model": "sessions.session",
  "pk": "brx6v3ja8pefwk4k33x5r880onp64p2l",
  "fields": {
    "session_data": ".eJxVjMsOwiAQRf-FtSEMw6O4dO83EJgBWzU0Ke3K-O_apAvd3nPOfYmYtnWMWy9LnFicBYjT75YTPUrbAd9Tu82S5rYuU5a7Ig_a5XXm8rwc7t_BmPr4rdXgSkDMPtjMZmALhlGbVE3AxBoBLaEvTgEOAETeV9JBFayAhpwR7w-_bzbe:1uKE38:L7DZeUGlQYNvkBq5aYxzPMAUT7psqDB9_vH99qHaS8M",
    "expire_date": "2025-05-28T11:00:18.314Z"
  }
},
{
  "model": "sessions.session",
  "pk": "c3dcm6l0nnris8fx6fvwa89ae7ieejkl",
  "fields": {
    "session_data": ".eJxVjMsOwiAQRf-FtSEMw6O4dO83EJgBWzU0Ke3K-O_apAvd3nPOfYmYtnWMWy9LnFicBYjT75YTPUrbAd9Tu82S5rYuU5a7Ig_a5XXm8rwc7t_BmPr4rdXgSkDMPtjMZmALhlGbVE3AxBoBLaEvTgEOAETeV9JBFayAhpwR7w-_bzbe:1uQ296:Fkoc5GzPgg9A5Lu8ZpYfh9v3MKaGJN06CwZWzDFfnDM",
    "expire_date": "2025-06-13T11:30:28.672Z"
  }
},
{
  "model": "sessions.session",
  "pk": "cd4twzk9iv89tkecnpc3eu8kr7vbp86g",
  "fields": {
    "session_data": ".eJxVjMsOwiAQRf-FtSEMw6O4dO83EJgBWzU0Ke3K-O_apAvd3nPOfYmYtnWMWy9LnFicBYjT75YTPUrbAd9Tu82S5rYuU5a7Ig_a5XXm8rwc7t_BmPr4rdXgSkDMPtjMZmALhlGbVE3AxBoBLaEvTgEOAETeV9JBFayAhpwR7w-_bzbe:1uQ2o0:es9dSmnpK0WB-csnXt5Of2P4wqDbmxUfwqRIzStXOIg",
    "expire_date": "2025-06-13T12:12:44.709Z"
  }
},
{
  "model": "sessions.session",
  "pk": "d7fbd57gvdcep0603s645kn7rnmzmjqq",
  "fields": {
    "session_data": ".eJxVjDsOwjAQBe_iGlnB8YaYkp4zWPszDiBHipMKcXewlALaNzPvZSJua45b1SVOYs7maA6_GyE_tDQgdyy32fJc1mUi2xS702qvs-jzsrt_BxlrbjWpJFTwHnHEAATgZZAUwugk9N3Ja8eCjA5C70nToN_EEQd2AErm_QEfRTmK:1uRBWk:P3WKAnbPiwqzrQr7P4PVdCYM7mDw6p7AM0oSo85voD4",
    "expire_date": "2025-06-16T15:43:38.038Z"
  }
},
{
  "model": "sessions.session",
  "pk": "el19r17i90v7yclc6z4kp3his06orpg8",
  "fields": {
    "session_data": ".eJxVjMsOwiAQRf-FtSEMw6O4dO83EJgBWzU0Ke3K-O_apAvd3nPOfYmYtnWMWy9LnFicBYjT75YTPUrbAd9Tu82S5rYuU5a7Ig_a5XXm8rwc7t_BmPr4rdXgSkDMPtjMZmALhlGbVE3AxBoBLaEvTgEOAETeV9JBFayAhpwR7w-_bzbe:1uQ1Wi:TiH9knaCILez3rcXuYqqJdDa4GY85xo5QWrEo8_YgFI",
    "expire_date": "2025-06-13T10:50:48.487Z"
  }
},
{
  "model": "sessions.session",
  "pk": "fm63ahyqldjrr1uebwrgnhh5qag6gu45",
  "fields": {
    "session_data": ".eJxVjMsOwiAQRf-FtSEMw6O4dO83EJgBWzU0Ke3K-O_apAvd3nPOfYmYtnWMWy9LnFicBYjT75YTPUrbAd9Tu82S5rYuU5a7Ig_a5XXm8rwc7t_BmPr4rdXgSkDMPtjMZmALhlGbVE3AxBoBLaEvTgEOAETeV9JBFayAhpwR7w-_bzbe:1uKTK7:zbualxOhtdh4HI8hBuipenaZN0PrxDkmZbe65l9NxsA",
    "expire_date": "2025-05-29T03:18:51.633Z"
  }
},
{
  "model": "sessions.session",
  "pk": "folcxd6b1dl7382prdmaku81wipyx2ps",
  "fields": {
    "session_data": ".eJxVjMsOwiAQRf-FtSEMw6O4dO83EJgBWzU0Ke3K-O_apAvd3nPOfYmYtnWMWy9LnFicBYjT75YTPUrbAd9Tu82S5rYuU5a7Ig_a5XXm8rwc7t_BmPr4rdXgSkDMPtjMZmALhlGbVE3AxBoBLaEvTgEOAETeV9JBFayAhpwR7w-_bzbe:1uFYYo:01ZM1mf9z-7ioZKK_LK7dHDY4YNUVozEArcZ73Z2LRk",
    "expire_date": "2025-05-15T13:53:42.894Z"
  }
},
{
  "model": "sessions.session",
  "pk": "fp2wbkdnpdylxh8zotvz7ed3fud76spy",
  "fields": {
    "session_data": ".eJxVjMsOwiAQRf-FtSEMw6O4dO83EJgBWzU0Ke3K-O_apAvd3nPOfYmYtnWMWy9LnFicBYjT75YTPUrbAd9Tu82S5rYuU5a7Ig_a5XXm8rwc7t_BmPr4rdXgSkDMPtjMZmALhlGbVE3AxBoBLaEvTgEOAETeV9JBFayAhpwR7w-_bzbe:1uQ5I8:ZpizJoaHYljJYGqECxawR6VRhxlxmKy3qIafnDqT9lM",
    "expire_date": "2025-06-13T14:52:00.444Z"
  }
},
{
  "model": "sessions.session",
  "pk": "fs294ophkanmpm9p3v49pj2tif2cgolh",
  "fields": {
    "session_data": ".eJxVjMsOwiAQRf-FtSEMw6O4dO83EJgBWzU0Ke3K-O_apAvd3nPOfYmYtnWMWy9LnFicBYjT75YTPUrbAd9Tu82S5rYuU5a7Ig_a5XXm8rwc7t_BmPr4rdXgSkDMPtjMZmALhlGbVE3AxBoBLaEvTgEOAETeV9JBFayAhpwR7w-_bzbe:1uGKSZ:JeExDN4X-b4t_FpINopS7kt8nWkqUO7c3srxQh44BdM",
    "expire_date": "2025-05-17T17:02:27.815Z"
  }
},
{
  "model": "sessions.session",
  "pk": "fwsqlnpkedyks8q1e18r32v132se614h",
  "fields": {
    "session_data": ".eJxVjMsOwiAQRf-FtSEMw6O4dO83EJgBWzU0Ke3K-O_apAvd3nPOfYmYtnWMWy9LnFicBYjT75YTPUrbAd9Tu82S5rYuU5a7Ig_a5XXm8rwc7t_BmPr4rdXgSkDMPtjMZmALhlGbVE3AxBoBLaEvTgEOAETeV9JBFayAhpwR7w-_bzbe:1uPgx1:hJGAUGFMoyUJSn76griG-kQ8o7h6gUskPihO1BepvxE",
    "expire_date": "2025-06-12T12:52:35.494Z"
  }
},
{
  "model": "sessions.session",
  "pk": "gxpuxxgh2zhu5box3pa7ne9qjlg5rlhg",
  "fields": {
    "session_data": ".eJxVjMsOwiAQRf-FtSEMw6O4dO83EJgBWzU0Ke3K-O_apAvd3nPOfYmYtnWMWy9LnFicBYjT75YTPUrbAd9Tu82S5rYuU5a7Ig_a5XXm8rwc7t_BmPr4rdXgSkDMPtjMZmALhlGbVE3AxBoBLaEvTgEOAETeV9JBFayAhpwR7w-_bzbe:1uKcnH:-7HSBoM0tDGXE0EJjC3_uSh1BrY2P9B51rahQbI-zYQ",
    "expire_date": "2025-05-29T13:25:35.055Z"
  }
},
{
  "model": "sessions.session",
  "pk": "heqeu4cmuagtvxeqwiwr5klldf00m58n",
  "fields": {
    "session_data": ".eJxVjMsOwiAQRf-FtSEMw6O4dO83EJgBWzU0Ke3K-O_apAvd3nPOfYmYtnWMWy9LnFicBYjT75YTPUrbAd9Tu82S5rYuU5a7Ig_a5XXm8rwc7t_BmPr4rdXgSkDMPtjMZmALhlGbVE3AxBoBLaEvTgEOAETeV9JBFayAhpwR7w-_bzbe:1uFbuF:9qCR6C9hE6N-cKCIYCUd4p7UyqJBLt65xvkUOlCI1yE",
    "expire_date": "2025-05-15T17:28:03.998Z"
  }
},
{
  "model": "sessions.session",
  "pk": "hr0rqyx7sgjv1secxoh8f3qrhypnnbpa",
  "fields": {
    "session_data": ".eJxVjMsOwiAQRf-FtSEMw6O4dO83EJgBWzU0Ke3K-O_apAvd3nPOfYmYtnWMWy9LnFicBYjT75YTPUrbAd9Tu82S5rYuU5a7Ig_a5XXm8rwc7t_BmPr4rdXgSkDMPtjMZmALhlGbVE3AxBoBLaEvTgEOAETeV9JBFayAhpwR7w-_bzbe:1uEpjr:uw3Ogo8GI978WXm_U7I58_-UgEo9Dsn6ZWVkOjnGEA8",
    "expire_date": "2025-05-13T14:02:07.176Z"
  }
},
{
  "model": "sessions.session",
  "pk": "i0vdkh43itu88l0ou404oyy51e1i8rsr",
  "fields": {
    "session_data": ".eJxVjMsOwiAQRf-FtSEMw6O4dO83EJgBWzU0Ke3K-O_apAvd3nPOfYmYtnWMWy9LnFicBYjT75YTPUrbAd9Tu82S5rYuU5a7Ig_a5XXm8rwc7t_BmPr4rdXgSkDMPtjMZmALhlGbVE3AxBoBLaEvTgEOAETeV9JBFayAhpwR7w-_bzbe:1uERby:9_wteQFX4TOvDqKWMiKMv3zQQziKjS13I2Ir4rbfGpU",
    "expire_date": "2025-05-12T12:16:22.964Z"
  }
},
{
  "model": "sessions.session",
  "pk": "ipmud5daxlnfisto90hflq33rdg1utwi",
  "fields": {
    "session_data": ".eJxVjMsOwiAQRf-FtSEMw6O4dO83EJgBWzU0Ke3K-O_apAvd3nPOfYmYtnWMWy9LnFicBYjT75YTPUrbAd9Tu82S5rYuU5a7Ig_a5XXm8rwc7t_BmPr4rdXgSkDMPtjMZmALhlGbVE3AxBoBLaEvTgEOAETeV9JBFayAhpwR7w-_bzbe:1uFZtj:my8TnaTg5v5dy52Gu-u74djKrsNDRdFS_EXBKW9LQ6I",
    "expire_date": "2025-05-15T15:19:23.878Z"
  }
},
{
  "model": "sessions.session",
  "pk": "jk7bfcbqeu803c6aw8gtbkedx0q8rsee",
  "fields": {
    "session_data": ".eJxVjMsOwiAQRf-FtSEMw6O4dO83EJgBWzU0Ke3K-O_apAvd3nPOfYmYtnWMWy9LnFicBYjT75YTPUrbAd9Tu82S5rYuU5a7Ig_a5XXm8rwc7t_BmPr4rdXgSkDMPtjMZmALhlGbVE3AxBoBLaEvTgEOAETeV9JBFayAhpwR7w-_bzbe:1uKejQ:tBsEY8xc-2U8WNnAlwq7Y3TPrUbWNlb5DYkTsWbId7g",
    "expire_date": "2025-05-29T15:29:44.452Z"
  }
},
{
  "model": "sessions.session",
  "pk": "ktpsbkxy706chfxij7je1eqb1kq5p4g1",
  "fields": {
    "session_data": ".eJxVjMsOwiAQRf-FtSEMw6O4dO83EJgBWzU0Ke3K-O_apAvd3nPOfYmYtnWMWy9LnFicBYjT75YTPUrbAd9Tu82S5rYuU5a7Ig_a5XXm8rwc7t_BmPr4rdXgSkDMPtjMZmALhlGbVE3AxBoBLaEvTgEOAETeV9JBFayAhpwR7w-_bzbe:1uFD2B:heXt2VZM6v5Fri2XvJ1WzBL87du3I3vRwITqfpuvsT4",
    "expire_date": "2025-05-14T14:54:35.333Z"
  }
},
{
  "model": "sessions.session",
  "pk": "lz35ql81jomqp3thf6ft9mmk1wq1w0qy",
  "fields": {
    "session_data": ".eJxVjMsOwiAQRf-FtSEMw6O4dO83EJgBWzU0Ke3K-O_apAvd3nPOfYmYtnWMWy9LnFicBYjT75YTPUrbAd9Tu82S5rYuU5a7Ig_a5XXm8rwc7t_BmPr4rdXgSkDMPtjMZmALhlGbVE3AxBoBLaEvTgEOAETeV9JBFayAhpwR7w-_bzbe:1uEqpX:Pc3zZPNNXIQlxr-beMSid7gw3Otj9RICdtMIO-PNYKs",
    "expire_date": "2025-05-13T15:12:03.772Z"
  }
},
{
  "model": "sessions.session",
  "pk": "nclhxg2rkdsdb2fez53rvcv4cjngog5b",
  "fields": {
    "session_data": ".eJxVjMsOwiAQRf-FtSEMw6O4dO83EJgBWzU0Ke3K-O_apAvd3nPOfYmYtnWMWy9LnFicBYjT75YTPUrbAd9Tu82S5rYuU5a7Ig_a5XXm8rwc7t_BmPr4rdXgSkDMPtjMZmALhlGbVE3AxBoBLaEvTgEOAETeV9JBFayAhpwR7w-_bzbe:1uAycb:neP411D1oSeptdBQNMMilTP5Bdw3vLGieQaOKREkHUU",
    "expire_date": "2025-05-02T22:42:41.955Z"
  }
},
{
  "model": "sessions.session",
  "pk": "ntodmmv27lefdkvlwfol8hyf8i4t227k",
  "fields": {
    "session_data": ".eJxVjMsOwiAQRf-FtSEMw6O4dO83EJgBWzU0Ke3K-O_apAvd3nPOfYmYtnWMWy9LnFicBYjT75YTPUrbAd9Tu82S5rYuU5a7Ig_a5XXm8rwc7t_BmPr4rdXgSkDMPtjMZmALhlGbVE3AxBoBLaEvTgEOAETeV9JBFayAhpwR7w-_bzbe:1uFZp5:8ZNavIIY6Q1Pi-o-sjw4_WWmo0Zmmma0owCDG3XQN7Y",
    "expire_date": "2025-05-15T15:14:35.634Z"
  }
},
{
  "model": "sessions.session",
  "pk": "omrwo6snwtsytnifjwoidpyfay6canzt",
  "fields": {
    "session_data": ".eJxVjMsOwiAQRf-FtSEMw6O4dO83EJgBWzU0Ke3K-O_apAvd3nPOfYmYtnWMWy9LnFicBYjT75YTPUrbAd9Tu82S5rYuU5a7Ig_a5XXm8rwc7t_BmPr4rdXgSkDMPtjMZmALhlGbVE3AxBoBLaEvTgEOAETeV9JBFayAhpwR7w-_bzbe:1uFWc6:lg1QBZCHRvoa87RLOUzGbMG-QLbR8A1NpZPPrlZ8av8",
    "expire_date": "2025-05-15T11:48:58.346Z"
  }
},
{
  "model": "sessions.session",
  "pk": "p2mupb2mx18dy2bq1ru84boygc9acwa1",
  "fields": {
    "session_data": ".eJxVjMsOwiAQRf-FtSEMw6O4dO83EJgBWzU0Ke3K-O_apAvd3nPOfYmYtnWMWy9LnFicBYjT75YTPUrbAd9Tu82S5rYuU5a7Ig_a5XXm8rwc7t_BmPr4rdXgSkDMPtjMZmALhlGbVE3AxBoBLaEvTgEOAETeV9JBFayAhpwR7w-_bzbe:1uPGVQ:8J9i1JzuHFfu8pEqITU1XXeRerjuTIqso6eM4jyPlgU",
    "expire_date": "2025-06-11T08:38:20.324Z"
  }
},
{
  "model": "sessions.session",
  "pk": "p7c5osz8d1tvxxprmaoffgc2ja98nteh",
  "fields": {
    "session_data": ".eJxVjMsOwiAQRf-FtSEMw6O4dO83EJgBWzU0Ke3K-O_apAvd3nPOfYmYtnWMWy9LnFicBYjT75YTPUrbAd9Tu82S5rYuU5a7Ig_a5XXm8rwc7t_BmPr4rdXgSkDMPtjMZmALhlGbVE3AxBoBLaEvTgEOAETeV9JBFayAhpwR7w-_bzbe:1uEOb2:-uvpx2-4n0vrjPDFqRPJlC8BaSeXTiD1V7Z5vuNncnA",
    "expire_date": "2025-05-12T09:03:12.403Z"
  }
},
{
  "model": "sessions.session",
  "pk": "pfyhb119jn3s0w36lry56u362w2yxqh4",
  "fields": {
    "session_data": ".eJxVjMsOwiAQRf-FtSEMw6O4dO83EJgBWzU0Ke3K-O_apAvd3nPOfYmYtnWMWy9LnFicBYjT75YTPUrbAd9Tu82S5rYuU5a7Ig_a5XXm8rwc7t_BmPr4rdXgSkDMPtjMZmALhlGbVE3AxBoBLaEvTgEOAETeV9JBFayAhpwR7w-_bzbe:1uOrBv:KcAHCnVIzRfmnBLDU__i3ODi1TzHVZhxGPs0WWmvTTo",
    "expire_date": "2025-06-10T05:36:31.869Z"
  }
},
{
  "model": "sessions.session",
  "pk": "q6d293htrrf1kmyjlic1rnr1umzxmn7y",
  "fields": {
    "session_data": ".eJxVjMsOwiAQRf-FtSEMw6O4dO83EJgBWzU0Ke3K-O_apAvd3nPOfYmYtnWMWy9LnFicBYjT75YTPUrbAd9Tu82S5rYuU5a7Ig_a5XXm8rwc7t_BmPr4rdXgSkDMPtjMZmALhlGbVE3AxBoBLaEvTgEOAETeV9JBFayAhpwR7w-_bzbe:1uOvCl:Rnl-xjocpyIBsiLVfF7wFnL1bfjGho_-rO_Pt0v7izg",
    "expire_date": "2025-06-10T09:53:39.525Z"
  }
},
{
  "model": "sessions.session",
  "pk": "qz6mkgnxgmdxs65inryyw07qv07w3dqq",
  "fields": {
    "session_data": ".eJxVjMsOwiAQRf-FtSEMw6O4dO83EJgBWzU0Ke3K-O_apAvd3nPOfYmYtnWMWy9LnFicBYjT75YTPUrbAd9Tu82S5rYuU5a7Ig_a5XXm8rwc7t_BmPr4rdXgSkDMPtjMZmALhlGbVE3AxBoBLaEvTgEOAETeV9JBFayAhpwR7w-_bzbe:1uQ7HA:Isc_ExaX187ehx6koFm28Zpc44FgM7gTix3c0TU1FPM",
    "expire_date": "2025-06-13T16:59:08.102Z"
  }
},
{
  "model": "sessions.session",
  "pk": "rd4w9ump2mtta6t7967f6r99j74qacqy",
  "fields": {
    "session_data": ".eJxVjMsOwiAQRf-FtSEMw6O4dO83EJgBWzU0Ke3K-O_apAvd3nPOfYmYtnWMWy9LnFicBYjT75YTPUrbAd9Tu82S5rYuU5a7Ig_a5XXm8rwc7t_BmPr4rdXgSkDMPtjMZmALhlGbVE3AxBoBLaEvTgEOAETeV9JBFayAhpwR7w-_bzbe:1uFYoH:azixRLdcp8CAkZRTbR7A1Y87Fe48QRTqYY-v1mcXpwY",
    "expire_date": "2025-05-15T14:09:41.008Z"
  }
},
{
  "model": "sessions.session",
  "pk": "s8v95q2jwe9ouqbe7tppvvv3crki501o",
  "fields": {
    "session_data": ".eJxVjMsOwiAQRf-FtSEMw6O4dO83EJgBWzU0Ke3K-O_apAvd3nPOfYmYtnWMWy9LnFicBYjT75YTPUrbAd9Tu82S5rYuU5a7Ig_a5XXm8rwc7t_BmPr4rdXgSkDMPtjMZmALhlGbVE3AxBoBLaEvTgEOAETeV9JBFayAhpwR7w-_bzbe:1uB81U:1NI9I3XdZJmqTunmBWSONQoFmnkwNa_e-681V1lzgWk",
    "expire_date": "2025-05-03T08:45:00.236Z"
  }
},
{
  "model": "sessions.session",
  "pk": "sz0e3d9jpkzleoxqid2fd4kfy0ngfaet",
  "fields": {
    "session_data": ".eJxVjMsOwiAQRf-FtSEMw6O4dO83EJgBWzU0Ke3K-O_apAvd3nPOfYmYtnWMWy9LnFicBYjT75YTPUrbAd9Tu82S5rYuU5a7Ig_a5XXm8rwc7t_BmPr4rdXgSkDMPtjMZmALhlGbVE3AxBoBLaEvTgEOAETeV9JBFayAhpwR7w-_bzbe:1uKDp2:o2DvBQJ-2Wrk9nag83eTR6pPoXcDhSF06vhcU3Z757k",
    "expire_date": "2025-05-28T10:45:44.698Z"
  }
},
{
  "model": "sessions.session",
  "pk": "tkkcj53s3yow7y5g8hat1xrd5ti64fbw",
  "fields": {
    "session_data": ".eJxVjMsOwiAQRf-FtSEMw6O4dO83EJgBWzU0Ke3K-O_apAvd3nPOfYmYtnWMWy9LnFicBYjT75YTPUrbAd9Tu82S5rYuU5a7Ig_a5XXm8rwc7t_BmPr4rdXgSkDMPtjMZmALhlGbVE3AxBoBLaEvTgEOAETeV9JBFayAhpwR7w-_bzbe:1uCh18:_maCSlDrRCIP0ktZ9jbbKUBXwzn_You1XCpooI3XCg8",
    "expire_date": "2025-05-07T16:19:06.581Z"
  }
},
{
  "model": "sessions.session",
  "pk": "tzd93y0ep8ffvtjevbxlnfe6i6o5num9",
  "fields": {
    "session_data": ".eJxVjMsOwiAQRf-FtSEMw6O4dO83EJgBWzU0Ke3K-O_apAvd3nPOfYmYtnWMWy9LnFicBYjT75YTPUrbAd9Tu82S5rYuU5a7Ig_a5XXm8rwc7t_BmPr4rdXgSkDMPtjMZmALhlGbVE3AxBoBLaEvTgEOAETeV9JBFayAhpwR7w-_bzbe:1uFYJS:lVHIHqEF3QFrZeX7lQSrBUgyWhnH86jUsfv-uLHqHaA",
    "expire_date": "2025-05-15T13:37:50.010Z"
  }
},
{
  "model": "sessions.session",
  "pk": "u561vampjtwn91uujxq7buvtlyv2bi2d",
  "fields": {
    "session_data": ".eJxVjMsOwiAQRf-FtSEMw6O4dO83EJgBWzU0Ke3K-O_apAvd3nPOfYmYtnWMWy9LnFicBYjT75YTPUrbAd9Tu82S5rYuU5a7Ig_a5XXm8rwc7t_BmPr4rdXgSkDMPtjMZmALhlGbVE3AxBoBLaEvTgEOAETeV9JBFayAhpwR7w-_bzbe:1uP0G0:ZkPGmsx6DhO_sJWC2L3oJQWd5zdvbk1tPkNt6ZytIX0",
    "expire_date": "2025-06-10T15:17:20.870Z"
  }
},
{
  "model": "sessions.session",
  "pk": "y3japlpqn5z70gyrttu9y6yp94v8j5xb",
  "fields": {
    "session_data": ".eJxVjMsOwiAQRf-FtSEMw6O4dO83EJgBWzU0Ke3K-O_apAvd3nPOfYmYtnWMWy9LnFicBYjT75YTPUrbAd9Tu82S5rYuU5a7Ig_a5XXm8rwc7t_BmPr4rdXgSkDMPtjMZmALhlGbVE3AxBoBLaEvTgEOAETeV9JBFayAhpwR7w-_bzbe:1uHRiq:3qGk5XUBNUN8C0muR1CWDbRWCjySusLFsOfheXrC2RQ",
    "expire_date": "2025-05-20T18:59:52.231Z"
  }
},
{
  "model": "sessions.session",
  "pk": "y7xjzyvstxnny7gmiy2v5f91z15v15jd",
  "fields": {
    "session_data": ".eJxVjMsOwiAQRf-FtSEMw6O4dO83EJgBWzU0Ke3K-O_apAvd3nPOfYmYtnWMWy9LnFicBYjT75YTPUrbAd9Tu82S5rYuU5a7Ig_a5XXm8rwc7t_BmPr4rdXgSkDMPtjMZmALhlGbVE3AxBoBLaEvTgEOAETeV9JBFayAhpwR7w-_bzbe:1uKZHv:z5COH-5TzWpD5OEqWuFBU-IL19l9H4d7PS7uaZpt9Wg",
    "expire_date": "2025-05-29T09:40:59.928Z"
  }
},
{
  "model": "sessions.session",
  "pk": "z5lbusxuv3zshsj3vwkseipn4sdqk8dh",
  "fields": {
    "session_data": ".eJxVjMsOwiAQRf-FtSEMw6O4dO83EJgBWzU0Ke3K-O_apAvd3nPOfYmYtnWMWy9LnFicBYjT75YTPUrbAd9Tu82S5rYuU5a7Ig_a5XXm8rwc7t_BmPr4rdXgSkDMPtjMZmALhlGbVE3AxBoBLaEvTgEOAETeV9JBFayAhpwR7w-_bzbe:1uHKuW:yMmWeNHB2uXE9ejg2Ve82T3XuFz33pmAh0vF4nWBaxQ",
    "expire_date": "2025-05-20T11:43:28.649Z"
  }
},
{
  "model": "sessions.session",
  "pk": "zvzrzq2ul036u09u6lycs815jbag6myi",
  "fields": {
    "session_data": ".eJxVjMsOwiAQRf-FtSEMw6O4dO83EJgBWzU0Ke3K-O_apAvd3nPOfYmYtnWMWy9LnFicBYjT75YTPUrbAd9Tu82S5rYuU5a7Ig_a5XXm8rwc7t_BmPr4rdXgSkDMPtjMZmALhlGbVE3AxBoBLaEvTgEOAETeV9JBFayAhpwR7w-_bzbe:1uOruy:Zp0mqZIow5cYKog9L1nyyxXo9byqj1KvtSxaN8KYHnk",
    "expire_date": "2025-06-10T06:23:04.227Z"
  }
},
{
  "model": "taggit.tag",
  "pk": 1,
  "fields": {
    "name": "Omnis",
    "slug": "omnis"
  }
},
{
  "model": "taggit.tag",
  "pk": 2,
  "fields": {
    "name": "minus",
    "slug": "minus"
  }
},
{
  "model": "taggit.tag",
  "pk": 3,
  "fields": {
    "name": "pra",
    "slug": "pra"
  }
},
{
  "model": "taggit.tag",
  "pk": 4,
  "fields": {
    "name": "quis",
    "slug": "quis"
  }
},
{
  "model": "taggit.tag",
  "pk": 5,
  "fields": {
    "name": "Doloremque",
    "slug": "doloremque"
  }
},
{
  "model": "taggit.tag",
  "pk": 6,
  "fields": {
    "name": "acc",
    "slug": "acc"
  }
},
{
  "model": "taggit.tag",
  "pk": 7,
  "fields": {
    "name": "et",
    "slug": "et"
  }
},
{
  "model": "taggit.tag",
  "pk": 8,
  "fields": {
    "name": "in",
    "slug": "in"
  }
},
{
  "model": "taggit.tag",
  "pk": 9,
  "fields": {
    "name": "Ut",
    "slug": "ut"
  }
},
{
  "model": "taggit.tag",
  "pk": 10,
  "fields": {
    "name": "aut",
    "slug": "aut"
  }
},
{
  "model": "taggit.tag",
  "pk": 11,
  "fields": {
    "name": "duis",
    "slug": "duis"
  }
},
{
  "model": "taggit.tag",
  "pk": 12,
  "fields": {
    "name": "nihi",
    "slug": "nihi"
  }
},
{
  "model": "taggit.tag",
  "pk": 13,
  "fields": {
    "name": "sed",
    "slug": "sed"
  }
},
{
  "model": "taggit.tag",
  "pk": 14,
  "fields": {
    "name": "Pariatur",
    "slug": "pariatur"
  }
},
{
  "model": "taggit.tag",
  "pk": 15,
  "fields": {
    "name": "Totam",
    "slug": "totam"
  }
},
{
  "model": "taggit.tag",
  "pk": 16,
  "fields": {
    "name": "ulla",
    "slug": "ulla"
  }
},
{
  "model": "taggit.tag",
  "pk": 17,
  "fields": {
    "name": "Velit",
    "slug": "velit"
  }
},
{
  "model": "taggit.tag",
  "pk": 18,
  "fields": {
    "name": "nesciunt",
    "slug": "nesciunt"
  }
},
{
  "model": "taggit.tag",
  "pk": 19,
  "fields": {
    "name": "numq",
    "slug": "numq"
  }
},
{
  "model": "taggit.tag",
  "pk": 20,
  "fields": {
    "name": "Sapiente",
    "slug": "sapiente"
  }
},
{
  "model": "taggit.tag",
  "pk": 21,
  "fields": {
    "name": "voluptatem",
    "slug": "voluptatem"
  }
},
{
  "model": "taggit.tag",
  "pk": 22,
  "fields": {
    "name": "Qui",
    "slug": "qui"
  }
},
{
  "model": "taggit.tag",
  "pk": 23,
  "fields": {
    "name": "aliqua",
    "slug": "aliqua"
  }
},
{
  "model": "taggit.tag",
  "pk": 24,
  "fields": {
    "name": "mollit",
    "slug": "mollit"
  }
},
{
  "model": "taggit.tag",
  "pk": 25,
  "fields": {
    "name": "ut",
    "slug": "ut_1"
  }
},
{
  "model": "taggit.tag",
  "pk": 26,
  "fields": {
    "name": "magni",
    "slug": "magni"
  }
},
{
  "model": "taggit.tag",
  "pk": 27,
  "fields": {
    "name": "q",
    "slug": "q"
  }
},
{
  "model": "taggit.tag",
  "pk": 28,
  "fields": {
    "name": "soluta",
    "slug": "soluta"
  }
},
{
  "model": "taggit.tag",
  "pk": 29,
  "fields": {
    "name": "Est",
    "slug": "est"
  }
},
{
  "model": "taggit.tag",
  "pk": 30,
  "fields": {
    "name": "iste",
    "slug": "iste"
  }
},
{
  "model": "taggit.tag",
  "pk": 31,
  "fields": {
    "name": "natus",
    "slug": "natus"
  }
},
{
  "model": "taggit.tag",
  "pk": 32,
  "fields": {
    "name": "quae",
    "slug": "quae"
  }
},
{
  "model": "taggit.taggeditem",
  "pk": 1,
  "fields": {
    "tag": 1,
    "content_type": 9,
    "object_id": 1
  }
},
{
  "model": "taggit.taggeditem",
  "pk": 2,
  "fields": {
    "tag": 2,
    "content_type": 9,
    "object_id": 1
  }
},
{
  "model": "taggit.taggeditem",
  "pk": 3,
  "fields": {
    "tag": 3,
    "content_type": 9,
    "object_id": 1
  }
},
{
  "model": "taggit.taggeditem",
  "pk": 4,
  "fields": {
    "tag": 4,
    "content_type": 9,
    "object_id": 1
  }
},
{
  "model": "taggit.taggeditem",
  "pk": 5,
  "fields": {
    "tag": 5,
    "content_type": 9,
    "object_id": 2
  }
},
{
  "model": "taggit.taggeditem",
  "pk": 6,
  "fields": {
    "tag": 6,
    "content_type": 9,
    "object_id": 2
  }
},
{
  "model": "taggit.taggeditem",
  "pk": 7,
  "fields": {
    "tag": 7,
    "content_type": 9,
    "object_id": 2
  }
},
{
  "model": "taggit.taggeditem",
  "pk": 8,
  "fields": {
    "tag": 8,
    "content_type": 9,
    "object_id": 2
  }
},
{
  "model": "taggit.taggeditem",
  "pk": 9,
  "fields": {
    "tag": 9,
    "content_type": 9,
    "object_id": 3
  }
},
{
  "model": "taggit.taggeditem",
  "pk": 10,
  "fields": {
    "tag": 10,
    "content_type": 9,
    "object_id": 3
  }
},
{
  "model": "taggit.taggeditem",
  "pk": 11,
  "fields": {
    "tag": 11,
    "content_type": 9,
    "object_id": 3
  }
},
{
  "model": "taggit.taggeditem",
  "pk": 12,
  "fields": {
    "tag": 12,
    "content_type": 9,
    "object_id": 3
  }
},
{
  "model": "taggit.taggeditem",
  "pk": 13,
  "fields": {
    "tag": 13,
    "content_type": 9,
    "object_id": 3
  }
},
{
  "model": "taggit.taggeditem",
  "pk": 14,
  "fields": {
    "tag": 14,
    "content_type": 9,
    "object_id": 4
  }
},
{
  "model": "taggit.taggeditem",
  "pk": 15,
  "fields": {
    "tag": 15,
    "content_type": 9,
    "object_id": 4
  }
},
{
  "model": "taggit.taggeditem",
  "pk": 16,
  "fields": {
    "tag": 16,
    "content_type": 9,
    "object_id": 4
  }
},
{
  "model": "taggit.taggeditem",
  "pk": 17,
  "fields": {
    "tag": 17,
    "content_type": 9,
    "object_id": 5
  }
},
{
  "model": "taggit.taggeditem",
  "pk": 18,
  "fields": {
    "tag": 18,
    "content_type": 9,
    "object_id": 5
  }
},
{
  "model": "taggit.taggeditem",
  "pk": 19,
  "fields": {
    "tag": 19,
    "content_type": 9,
    "object_id": 5
  }
},
{
  "model": "taggit.taggeditem",
  "pk": 20,
  "fields": {
    "tag": 20,
    "content_type": 9,
    "object_id": 6
  }
},
{
  "model": "taggit.taggeditem",
  "pk": 21,
  "fields": {
    "tag": 21,
    "content_type": 9,
    "object_id": 6
  }
},
{
  "model": "taggit.taggeditem",
  "pk": 22,
  "fields": {
    "tag": 22,
    "content_type": 9,
    "object_id": 7
  }
},
{
  "model": "taggit.taggeditem",
  "pk": 23,
  "fields": {
    "tag": 23,
    "content_type": 9,
    "object_id": 7
  }
},
{
  "model": "taggit.taggeditem",
  "pk": 24,
  "fields": {
    "tag": 24,
    "content_type": 9,
    "object_id": 7
  }
},
{
  "model": "taggit.taggeditem",
  "pk": 25,
  "fields": {
    "tag": 25,
    "content_type": 9,
    "object_id": 7
  }
},
{
  "model": "taggit.taggeditem",
  "pk": 26,
  "fields": {
    "tag": 15,
    "content_type": 9,
    "object_id": 8
  }
},
{
  "model": "taggit.taggeditem",
  "pk": 27,
  "fields": {
    "tag": 26,
    "content_type": 9,
    "object_id": 8
  }
},
{
  "model": "taggit.taggeditem",
  "pk": 28,
  "fields": {
    "tag": 27,
    "content_type": 9,
    "object_id": 8
  }
},
{
  "model": "taggit.taggeditem",
  "pk": 29,
  "fields": {
    "tag": 28,
    "content_type": 9,
    "object_id": 8
  }
},
{
  "model": "salon.salon",
  "pk": 1,
  "fields": {
    "user": 1,
    "name": "Wyoming Hines",
    "description": "Vel quas asperiores",
    "image": "salon_gallery/wyoming-hines/61606307-1330-4a42-9280-8dc29779dd41.jpg",
    "address": "Nisi vel ipsum exercitationem id veniam odio",
    "mobile": "5648754767890",
    "email": "vypububica@mailinator.com",
    "status": "Live",
    "views": 34,
    "featured": false,
    "salon_id": "ceb96a44-e2e2-44d1-b713-96557ba721c1",
    "slug": "wyoming-hines-ea41f",
    "date": "2025-05-02T19:06:54.128Z",
    "updated_at": "2025-05-02T19:06:54.128Z"
  }
},
{
  "model": "salon.salon",
  "pk": 2,
  "fields": {
    "user": 3,
    "name": "Alisa Bush",
    "description": "Similique sunt labor",
    "image": "salon_gallery/alisa-bush/085899c3-cd53-4434-bef8-0ec84cf50ddc.png",
    "address": "Voluptatem illo nesciunt neque architecto odit dolores nobis nulla tempore nihil tempor occaecat ut dolorum sequi quae exercitation laborum",
    "mobile": "564674578647",
    "email": "xasunozocy@mailinator.com",
    "status": "Live",
    "views": 30,
    "featured": true,
    "salon_id": "f93333de-1521-4868-abe3-8120c4bf9a3b",
    "slug": "alisa-bush-46f00",
    "date": "2025-05-02T19:59:01.665Z",
    "updated_at": "2025-06-11T07:34:26.478Z"
  }
},
{
  "model": "salon.salon",
  "pk": 3,
  "fields": {
    "user": 2,
    "name": "Tad Solomon",
    "description": "Ut id qui natus dol",
    "image": "salon_gallery/tad-solomon/1c4664c7-a17d-4826-a757-eb2a1121353e.png",
    "address": "Consectetur in eiusmod animi rerum",
    "mobile": "564756487568",
    "email": "wutunih@mailinator.com",
    "status": "Live",
    "views": 60,
    "featured": false,
    "salon_id": "18b61386-6145-4557-96cd-98bdd8cdc939",
    "slug": "tad-solomon-78df2",
    "date": "2025-05-02T20:13:03.657Z",
    "updated_at": "2025-06-11T07:34:13.272Z"
  }
},
{
  "model": "salon.salon",
  "pk": 4,
  "fields": {
    "user": 3,
    "name": "Oliver Deleon",
    "description": "Adipisci soluta vita",
    "image": "salon_gallery/oliver-deleon/dfd2cf63-bf8a-483f-8adc-218d52ef5261.jpg",
    "address": "Aut ipsum occaecat consequat Et sunt unde aut dolore rerum similique incidunt laudantium non et",
    "mobile": "857658634564",
    "email": "qili@mailinator.com",
    "status": "Live",
    "views": 91,
    "featured": false,
    "salon_id": "c4ebd579-52ac-4235-9fab-7447a0c39ca8",
    "slug": "oliver-deleon-b1970",
    "date": "2025-05-02T20:14:23.067Z",
    "updated_at": "2025-05-02T20:14:23.067Z"
  }
},
{
  "model": "salon.salon",
  "pk": 5,
  "fields": {
    "user": 2,
    "name": "Chadwick Hamilton",
    "description": "Qui laborum pariatur",
    "image": "salon_gallery/chadwick-hamilton/068bdc14-3501-4232-a77f-2089f75746d3.jpg",
    "address": "Similique omnis eaque ut qui soluta necessitatibus dolore voluptatibus explicabo Expedita sunt illo voluptatem Id inventore nisi laudantium accusamus consectetur",
    "mobile": "7567587456487",
    "email": "voha@mailinator.com",
    "status": "Live",
    "views": 36,
    "featured": true,
    "salon_id": "3a6241ef-6aa4-40d4-b9b1-400f72bbbceb",
    "slug": "chadwick-hamilton-425f0",
    "date": "2025-05-02T20:18:04.604Z",
    "updated_at": "2025-05-17T19:19:32.759Z"
  }
},
{
  "model": "salon.salon",
  "pk": 6,
  "fields": {
    "user": 3,
    "name": "Ulysses Tillman",
    "description": "Repellendus Dolore",
    "image": "salon_gallery/ulysses-tillman/2b922f7b-9731-4464-916e-a23b474d67ca.jpg",
    "address": "Natus iusto impedit fugiat sit ad explicabo Velit ut eveniet fuga Magnam a",
    "mobile": "569785765445",
    "email": "dyzifax@mailinator.com",
    "status": "Live",
    "views": 45,
    "featured": true,
    "salon_id": "af9432ee-2f60-4af4-b82d-81a338ee9f30",
    "slug": "ulysses-tillman-5a31e",
    "date": "2025-05-02T20:18:48.832Z",
    "updated_at": "2025-05-15T09:54:46.107Z"
  }
},
{
  "model": "salon.salon",
  "pk": 7,
  "fields": {
    "user": 1,
    "name": "Georgia Campos",
    "description": "Veniam sed nihil ul",
    "image": "salon_gallery/georgia-campos/a3489a28-c6c1-4fa7-89af-3111cea28657.jpg",
    "address": "Deserunt sunt error aliquip eiusmod aliqua Dolorem et aspernatur est placeat nihil",
    "mobile": "5765785676234",
    "email": "lalopilum@mailinator.com",
    "status": "Live",
    "views": 72,
    "featured": false,
    "salon_id": "89b7f037-5981-45b7-8a96-6ac175853bb5",
    "slug": "georgia-campos-6825e",
    "date": "2025-05-02T20:23:41.920Z",
    "updated_at": "2025-05-15T12:22:10.321Z"
  }
},
{
  "model": "salon.salon",
  "pk": 8,
  "fields": {
    "user": 3,
    "name": "Jerry Harmon",
    "description": "Reprehenderit in pe",
    "image": "salon_gallery/jerry-harmon/5fba65e6-4eaf-4e17-814b-7119ed9377c1.png",
    "address": "Omnis aut doloribus assumenda animi illum aliqua Molestiae est consequatur eos alias qui dolorem",
    "mobile": "786289168347",
    "email": "rarofa@mailinator.com",
    "status": "Live",
    "views": 115,
    "featured": false,
    "salon_id": "b1edcdbb-488c-4637-801f-7ecfc9983877",
    "slug": "jerry-harmon-63c55",
    "date": "2025-05-02T20:24:56.097Z",
    "updated_at": "2025-06-16T15:12:46.124Z"
  }
},
{
  "model": "salon.salongallery",
  "pk": 1,
  "fields": {
    "salon": 1,
    "image": "salon_gallery/wyoming-hines-ea41f/89c50e4c-6586-46d3-9af8-eeac2d19cb6d.jpg"
  }
},
{
  "model": "salon.salongallery",
  "pk": 6,
  "fields": {
    "salon": 7,
    "image": "salon_gallery/georgia-campos-6825e/a6bd2e3e-9f55-43b7-9f37-1ecded4f1844.jpg"
  }
},
{
  "model": "salon.salongallery",
  "pk": 7,
  "fields": {
    "salon": 7,
    "image": "salon_gallery/georgia-campos-6825e/bdc3687f-9aa1-4999-886f-c69d8dfeedeb.jpg"
  }
},
{
  "model": "salon.salongallery",
  "pk": 8,
  "fields": {
    "salon": 7,
    "image": "salon_gallery/georgia-campos-6825e/d89e4ae0-a59b-4804-932d-e82929bbd7d9.jpg"
  }
},
{
  "model": "salon.salongallery",
  "pk": 9,
  "fields": {
    "salon": 8,
    "image": "salon_gallery/jerry-harmon-63c55/0a993928-2814-4943-9b4c-f14f13bbe852.jpg"
  }
},
{
  "model": "salon.salongallery",
  "pk": 10,
  "fields": {
    "salon": 8,
    "image": "salon_gallery/jerry-harmon-63c55/9767c611-1b44-4cf0-8778-561fc6e9cba6.jpg"
  }
},
{
  "model": "salon.salongallery",
  "pk": 11,
  "fields": {
    "salon": 8,
    "image": "salon_gallery/jerry-harmon-63c55/9124d27d-a8a0-4474-83b1-c3d534f9f4e8.png"
  }
},
{
  "model": "salon.salongallery",
  "pk": 12,
  "fields": {
    "salon": 6,
    "image": "salon_gallery/ulysses-tillman-5a31e/4447cfe6-8229-4dcf-8b9b-b1e3ab9ae513.jpg"
  }
},
{
  "model": "salon.salongallery",
  "pk": 13,
  "fields": {
    "salon": 6,
    "image": "salon_gallery/ulysses-tillman-5a31e/0c5995fa-5b43-45e4-b5c5-91e9acb27b3a.jpg"
  }
},
{
  "model": "salon.salongallery",
  "pk": 15,
  "fields": {
    "salon": 5,
    "image": "salon_gallery/chadwick-hamilton-425f0/cb420591-c88f-460f-ab0d-48afb507a291.png"
  }
},
{
  "model": "salon.salongallery",
  "pk": 16,
  "fields": {
    "salon": 5,
    "image": "salon_gallery/chadwick-hamilton-425f0/4257fae0-49d8-4bd0-a692-59a8f3ae0e32.jpg"
  }
},
{
  "model": "salon.salongallery",
  "pk": 17,
  "fields": {
    "salon": 5,
    "image": "salon_gallery/chadwick-hamilton-425f0/637dcd80-bc31-4303-b554-320a3959650d.jpg"
  }
},
{
  "model": "salon.salonfeatures",
  "pk": 1,
  "fields": {
    "salon": 1,
    "icon_type": "Remi Icons",
    "icon": "Quia nihil eiusmod fugiat consequat Molestiae occaecat",
    "name": "Bruno Rollins",
    "is_active": false
  }
},
{
  "model": "salon.salonfeatures",
  "pk": 5,
  "fields": {
    "salon": 5,
    "icon_type": "Bootstrap Icons",
    "icon": "Ullamco labore consequatur Voluptatem Voluptas magni cum impedit amet incididunt aut dolore sunt",
    "name": "Cherokee Savage",
    "is_active": true
  }
},
{
  "model": "salon.salonfeatures",
  "pk": 6,
  "fields": {
    "salon": 5,
    "icon_type": "Flat Icons",
    "icon": "Suscipit delectus nihil sit dolore ad quos quo reprehenderit error cupidatat est ut non esse cum",
    "name": "Preston Stevenson",
    "is_active": true
  }
},
{
  "model": "salon.salonfeatures",
  "pk": 7,
  "fields": {
    "salon": 5,
    "icon_type": "Fontawesome Icons",
    "icon": "Totam distinctio Rem consequatur ducimus quis incidunt aut fuga Animi accusamus voluptas animi",
    "name": "Charde Savage",
    "is_active": false
  }
},
{
  "model": "salon.salonfaq",
  "pk": 1,
  "fields": {
    "salon": 1,
    "question": "Eos aperiam voluptate fuga Error alias",
    "answer": "Ipsum irure veritatis est ducimus esse cum quibusdam necessitatibus incididunt ea cupidatat dolore ullamco accusantium",
    "is_active": true,
    "date": "2025-05-02T19:25:21.218Z"
  }
},
{
  "model": "salon.salonservices",
  "pk": 1,
  "fields": {
    "salon": 1,
    "name": "Christine Head",
    "description": "Vitae eum minus tota",
    "duration": 73,
    "base_price": "113.00",
    "women_price": "531.00",
    "men_price": "917.00",
    "children_price": "782.00",
    "category": "Nails",
    "gender": "Women",
    "is_featured": false,
    "is_active": false,
    "icon": "Earum esse est autem fugit distinctio Aut pariatur",
    "image": "service_images/logo_for_a_video_streaming_app.png",
    "service_id": "a38cca50-791f-46b7-b9a3-45f89406d4f2",
    "created_at": "2025-05-02T19:12:41.646Z",
    "updated_at": "2025-05-02T19:12:41.646Z"
  }
},
{
  "model": "salon.salonservices",
  "pk": 2,
  "fields": {
    "salon": 7,
    "name": "Eaton Stanton",
    "description": "Laborum deserunt et",
    "duration": 39,
    "base_price": "934.00",
    "women_price": "427.00",
    "men_price": "259.00",
    "children_price": "327.00",
    "category": "Specialty",
    "gender": "Children",
    "is_featured": false,
    "is_active": false,
    "icon": "Sed dolorem similique aliquid dolorum aspernatur odio ipsum fugiat neque sit cupidatat quaerat elige",
    "image": "",
    "service_id": "41a60d6a-1b0b-4e7f-8ca7-0b4d17433687",
    "created_at": "2025-05-15T12:22:10.332Z",
    "updated_at": "2025-05-15T12:22:10.332Z"
  }
},
{
  "model": "salon.salonservices",
  "pk": 3,
  "fields": {
    "salon": 7,
    "name": "Amaya Farley",
    "description": "Aut sunt occaecat iu",
    "duration": 66,
    "base_price": "769.00",
    "women_price": "130.00",
    "men_price": "594.00",
    "children_price": "897.00",
    "category": "Nails",
    "gender": "Unisex",
    "is_featured": false,
    "is_active": false,
    "icon": "Odio et enim inventore aute cupidatat ut in vero et sint repudiandae quod debitis ut reprehenderit",
    "image": "",
    "service_id": "8a356832-d106-457c-ae3a-87f205068a3a",
    "created_at": "2025-05-15T12:22:10.335Z",
    "updated_at": "2025-05-15T12:22:10.335Z"
  }
},
{
  "model": "salon.salonservices",
  "pk": 4,
  "fields": {
    "salon": 7,
    "name": "Isadora Brooks",
    "description": "Architecto est iusto",
    "duration": 51,
    "base_price": "565.00",
    "women_price": "462.00",
    "men_price": "7.00",
    "children_price": "809.00",
    "category": "Hair",
    "gender": "Women",
    "is_featured": false,
    "is_active": false,
    "icon": "Sit officia error dolor qui qui",
    "image": "",
    "service_id": "ba3579a2-30e6-400f-b513-7c3269608635",
    "created_at": "2025-05-15T12:22:10.336Z",
    "updated_at": "2025-05-15T12:22:10.336Z"
  }
},
{
  "model": "salon.salonservices",
  "pk": 5,
  "fields": {
    "salon": 8,
    "name": "Ashton Michael",
    "description": "Earum et et esse cul",
    "duration": 69,
    "base_price": "334.00",
    "women_price": "154.00",
    "men_price": "230.00",
    "children_price": "936.00",
    "category": "Skincare",
    "gender": "Men",
    "is_featured": false,
    "is_active": true,
    "icon": "In quas doloribus libero non sunt cillum sunt aut officiis recusandae Laboriosam aliqua Et cons",
    "image": "service_images/hu8u7x.jpg",
    "service_id": "d15bca70-fec9-416b-8c3c-6b6330acc056",
    "created_at": "2025-05-15T12:24:04.182Z",
    "updated_at": "2025-05-28T14:36:31.801Z"
  }
},
{
  "model": "salon.salonservices",
  "pk": 6,
  "fields": {
    "salon": 8,
    "name": "Darrel Marks",
    "description": "Odio itaque rerum ut",
    "duration": 71,
    "base_price": "270.00",
    "women_price": "958.00",
    "men_price": "436.00",
    "children_price": "826.00",
    "category": "Hair",
    "gender": "Women",
    "is_featured": false,
    "is_active": true,
    "icon": "Cum culpa dolore ipsam reiciendis lorem atque laudantium perspiciatis omnis cupiditate in ratione",
    "image": "service_images/Default_A_cozy_warm_indoor_setting_with_a_view_of_a_lush_vibra_3.jpg",
    "service_id": "a7d28df8-ba84-4bc4-9a0a-86670d56f156",
    "created_at": "2025-05-15T12:24:04.184Z",
    "updated_at": "2025-05-28T14:36:31.787Z"
  }
},
{
  "model": "salon.salonservices",
  "pk": 7,
  "fields": {
    "salon": 8,
    "name": "Wade Mcknight",
    "description": "Aliquip eaque aliqui",
    "duration": 77,
    "base_price": "63.00",
    "women_price": "237.00",
    "men_price": "814.00",
    "children_price": "563.00",
    "category": "Hair",
    "gender": "Children",
    "is_featured": false,
    "is_active": true,
    "icon": "Ad facilis cillum consectetur sint Nam voluptate dolore nulla irure non eos soluta iure minima do e",
    "image": "service_images/pexels-pixabay-358457.jpg",
    "service_id": "fa8fdc43-5633-4dc5-9909-82af9a2b54df",
    "created_at": "2025-05-15T12:24:04.185Z",
    "updated_at": "2025-05-28T14:36:31.794Z"
  }
},
{
  "model": "salon.salonservices",
  "pk": 8,
  "fields": {
    "salon": 5,
    "name": "Aline Strickland",
    "description": "Quae cupiditate numq",
    "duration": 70,
    "base_price": "648.00",
    "women_price": "381.00",
    "men_price": "698.00",
    "children_price": "241.00",
    "category": "Nails",
    "gender": "Women",
    "is_featured": false,
    "is_active": true,
    "icon": "Neque aut iste possimus autem rerum voluptate vel molestiae ipsum ex saepe eiusmod aliquip et assu",
    "image": "service_images/alchemyrefiner_alchemymagic_3_fc458531-7559-4f01-9e81-28180306ffa9_0.jpg",
    "service_id": "c0905783-4018-42ac-a691-30da3aae4357",
    "created_at": "2025-05-15T12:24:30.181Z",
    "updated_at": "2025-05-15T13:23:02.829Z"
  }
},
{
  "model": "salon.salonservices",
  "pk": 9,
  "fields": {
    "salon": 5,
    "name": "Madaline Craig",
    "description": "Ducimus aliquip pla",
    "duration": 8,
    "base_price": "875.00",
    "women_price": "930.00",
    "men_price": "64.00",
    "children_price": "851.00",
    "category": "Makeup",
    "gender": "Unisex",
    "is_featured": false,
    "is_active": true,
    "icon": "Elit culpa sit cupiditate repellendus Qui ducimus omnis ut omnis sint at nihil natus dolor sed q",
    "image": "service_images/lake-8763490_1280.jpg",
    "service_id": "b1a16f18-c0ae-44ff-a368-56da239fff3c",
    "created_at": "2025-05-15T12:24:30.183Z",
    "updated_at": "2025-05-15T13:23:02.822Z"
  }
},
{
  "model": "salon.salonservices",
  "pk": 10,
  "fields": {
    "salon": 5,
    "name": "Tanya Wilcox",
    "description": "Laboriosam et non q",
    "duration": 90,
    "base_price": "600.00",
    "women_price": "603.00",
    "men_price": "304.00",
    "children_price": "223.00",
    "category": "Nails",
    "gender": "Men",
    "is_featured": false,
    "is_active": true,
    "icon": "Totam harum est blanditiis aliquam voluptatum minim autem explicabo",
    "image": "service_images/karibu_groceries.webp",
    "service_id": "33ca58e0-5579-4c81-b030-5c7dd6d6a37d",
    "created_at": "2025-05-15T12:24:30.184Z",
    "updated_at": "2025-05-15T13:23:02.833Z"
  }
},
{
  "model": "salon.salonservices",
  "pk": 14,
  "fields": {
    "salon": 8,
    "name": "ergsgsdfg",
    "description": "ert4  4y53t 34ty 4y rty he thrth erth",
    "duration": 90,
    "base_price": "100.00",
    "women_price": "455.00",
    "men_price": "200.00",
    "children_price": "300.00",
    "category": "Waxing",
    "gender": "Unisex",
    "is_featured": false,
    "is_active": true,
    "icon": "fhg h thretghfg",
    "image": "service_images/download_11.jpg",
    "service_id": "357d7df4-f668-49d4-b7a3-93eb03b59460",
    "created_at": "2025-05-28T15:18:34.232Z",
    "updated_at": "2025-05-28T15:18:34.232Z"
  }
},
{
  "model": "salon.staffonduty",
  "pk": "2fa80d80-e951-4b90-9319-e3c90683fcfc",
  "fields": {
    "user": 10,
    "salon": 5,
    "role": "Hair Stylist",
    "bio": "dgyhbrthybsetye ewryerty ertyerty",
    "hire_date": "2025-05-17",
    "status": "Active",
    "break_start": "13:00:00",
    "break_duration": 60,
    "profile_pic": "staff_profile_pics/Screenshot_20210203-195437.png",
    "display_order": 4,
    "created_at": "2025-05-17T15:07:42.127Z",
    "updated_at": "2025-05-17T15:07:42.127Z",
    "monday_start": "09:00:00",
    "monday_end": "17:00:00",
    "tuesday_start": "09:00:00",
    "tuesday_end": "17:00:00",
    "wednesday_start": "09:00:00",
    "wednesday_end": "17:00:00",
    "thursday_start": "09:00:00",
    "thursday_end": "17:00:00",
    "friday_start": "09:00:00",
    "friday_end": "17:00:00",
    "saturday_start": null,
    "saturday_end": null,
    "sunday_start": null,
    "sunday_end": null,
    "specialization": [
      4,
      7
    ]
  }
},
{
  "model": "salon.staffonduty",
  "pk": "61d7b819-7e8c-4cfd-8459-7be5c1028854",
  "fields": {
    "user": 1,
    "salon": 1,
    "role": "Barber",
    "bio": "Nam sed et irure aut",
    "hire_date": "2025-05-23",
    "status": "Active",
    "break_start": "20:10:04",
    "break_duration": 25,
    "profile_pic": "",
    "display_order": 97,
    "created_at": "2025-05-02T20:10:09.513Z",
    "updated_at": "2025-05-02T20:10:09.513Z",
    "monday_start": "20:09:44",
    "monday_end": "20:09:40",
    "tuesday_start": "20:09:39",
    "tuesday_end": "20:10:05",
    "wednesday_start": "09:00:00",
    "wednesday_end": "17:00:00",
    "thursday_start": "09:00:00",
    "thursday_end": "17:00:00",
    "friday_start": "09:00:00",
    "friday_end": "17:00:00",
    "saturday_start": null,
    "saturday_end": null,
    "sunday_start": null,
    "sunday_end": null,
    "specialization": []
  }
},
{
  "model": "salon.staffonduty",
  "pk": "94a8d89e-05ab-4d57-937b-53de63732d46",
  "fields": {
    "user": 2,
    "salon": 8,
    "role": "Barber",
    "bio": "dfgh gh rtgh reth erth erther r hreh",
    "hire_date": "2025-05-20",
    "status": "Active",
    "break_start": "13:00:00",
    "break_duration": 60,
    "profile_pic": "staff_profile_pics/download_12_gqXUHyK.jpg",
    "display_order": 1,
    "created_at": "2025-05-20T17:55:19.963Z",
    "updated_at": "2025-05-20T17:55:19.963Z",
    "monday_start": "09:00:00",
    "monday_end": "17:00:00",
    "tuesday_start": "09:00:00",
    "tuesday_end": "17:00:00",
    "wednesday_start": "09:00:00",
    "wednesday_end": "17:00:00",
    "thursday_start": "09:00:00",
    "thursday_end": "17:00:00",
    "friday_start": "09:00:00",
    "friday_end": "17:00:00",
    "saturday_start": null,
    "saturday_end": null,
    "sunday_start": null,
    "sunday_end": null,
    "specialization": [
      4,
      7,
      9
    ]
  }
},
{
  "model": "salon.staffonduty",
  "pk": "e1f2d5c4-3e61-4e0a-8c0b-f8c3df5029c2",
  "fields": {
    "user": 4,
    "salon": 5,
    "role": "Barber",
    "bio": "retybwetyhbrtibrtuir",
    "hire_date": "2025-05-17",
    "status": "Active",
    "break_start": "13:00:00",
    "break_duration": 60,
    "profile_pic": "staff_profile_pics/download_12_qZyxoaz.jpg",
    "display_order": 1,
    "created_at": "2025-05-17T19:11:00.176Z",
    "updated_at": "2025-05-17T19:19:32.774Z",
    "monday_start": "09:00:00",
    "monday_end": "17:00:00",
    "tuesday_start": "09:00:00",
    "tuesday_end": "17:00:00",
    "wednesday_start": "09:00:00",
    "wednesday_end": "17:00:00",
    "thursday_start": "09:00:00",
    "thursday_end": "17:00:00",
    "friday_start": "09:00:00",
    "friday_end": "17:00:00",
    "saturday_start": null,
    "saturday_end": null,
    "sunday_start": null,
    "sunday_end": null,
    "specialization": [
      7,
      3
    ]
  }
},
{
  "model": "salon.salonreview",
  "pk": "066cff55-2569-47e2-8843-4e5ac4a4d13b",
  "fields": {
    "salon": 8,
    "user": 1,
    "rating": 5,
    "comment": "sdfhkjghvasdkljlasd\r\n",
    "created_at": "2025-05-20T15:05:34.245Z",
    "updated_at": "2025-05-20T15:05:34.245Z"
  }
},
{
  "model": "salon.salonreview",
  "pk": "1c05c142-8c1c-4a4b-8831-b7c8f4d884d7",
  "fields": {
    "salon": 8,
    "user": 1,
    "rating": 2,
    "comment": "hjsedfv etwywetrg",
    "created_at": "2025-05-20T15:06:27.079Z",
    "updated_at": "2025-05-20T15:06:27.079Z"
  }
},
{
  "model": "salon.salonreview",
  "pk": "1cc39389-6b56-4fa8-bea4-6781944bca6e",
  "fields": {
    "salon": 7,
    "user": 1,
    "rating": 4,
    "comment": "ewertyw wryey erty",
    "created_at": "2025-05-28T11:34:33.243Z",
    "updated_at": "2025-05-28T11:34:33.243Z"
  }
},
{
  "model": "salon.salonreview",
  "pk": "2c67b6cd-2ea5-4753-8953-2870c2b1ade1",
  "fields": {
    "salon": 8,
    "user": 1,
    "rating": 1,
    "comment": "tydrtuyrtyuu e5yuey5u e5u54e6u ",
    "created_at": "2025-05-28T09:59:21.174Z",
    "updated_at": "2025-05-28T09:59:21.175Z"
  }
},
{
  "model": "salon.salonreview",
  "pk": "31e41061-eb22-40bd-8cb3-6d2e4d99eec6",
  "fields": {
    "salon": 5,
    "user": 1,
    "rating": 5,
    "comment": "dfghdfgdfghdf",
    "created_at": "2025-05-20T15:58:05.924Z",
    "updated_at": "2025-05-20T15:58:05.924Z"
  }
},
{
  "model": "salon.salonreview",
  "pk": "5dd6a990-d5ea-4728-93e1-c7688e98ae28",
  "fields": {
    "salon": 8,
    "user": 1,
    "rating": 1,
    "comment": "Boom",
    "created_at": "2025-05-28T10:30:17.922Z",
    "updated_at": "2025-05-28T10:30:17.922Z"
  }
},
{
  "model": "salon.salonreview",
  "pk": "601a41ab-76e7-4b94-b7ae-a91753144bb1",
  "fields": {
    "salon": 8,
    "user": 1,
    "rating": 4,
    "comment": "fgyukrfht r6i7ryru rukitui  ikt yuk rt",
    "created_at": "2025-05-20T15:25:46.170Z",
    "updated_at": "2025-05-20T15:25:46.171Z"
  }
},
{
  "model": "salon.salonreview",
  "pk": "63c6f9b7-52a7-4ba5-8be2-df5f6289cabb",
  "fields": {
    "salon": 5,
    "user": 1,
    "rating": 4,
    "comment": "Ab ea voluptas et al",
    "created_at": "2025-05-20T15:58:38.502Z",
    "updated_at": "2025-05-20T15:58:38.502Z"
  }
},
{
  "model": "salon.salonreview",
  "pk": "6dd70531-bd41-4597-8ae1-7e963cbc90a2",
  "fields": {
    "salon": 7,
    "user": 1,
    "rating": 5,
    "comment": "byety rteytbre",
    "created_at": "2025-05-28T11:27:22.591Z",
    "updated_at": "2025-05-28T11:27:22.591Z"
  }
},
{
  "model": "salon.salonreview",
  "pk": "818736c7-f7ed-4b1c-9ac7-31cc74b83c93",
  "fields": {
    "salon": 8,
    "user": 1,
    "rating": 5,
    "comment": "wow",
    "created_at": "2025-05-28T10:30:00.661Z",
    "updated_at": "2025-05-28T10:30:00.661Z"
  }
},
{
  "model": "salon.salonreview",
  "pk": "94b6f47d-f6f7-48b4-9125-edf2c93e55d5",
  "fields": {
    "salon": 5,
    "user": 1,
    "rating": 5,
    "comment": "Non non nihil blandi",
    "created_at": "2025-05-20T15:58:50.636Z",
    "updated_at": "2025-05-20T15:58:50.636Z"
  }
},
{
  "model": "salon.salonreview",
  "pk": "c3e1ee30-b66d-4665-8b65-97bade225c09",
  "fields": {
    "salon": 8,
    "user": 1,
    "rating": 4,
    "comment": "Why always me",
    "created_at": "2025-05-28T10:01:16.624Z",
    "updated_at": "2025-05-28T10:01:16.624Z"
  }
},
{
  "model": "salon.salonreview",
  "pk": "d191cf11-ac5f-4057-97f1-084e8b6acce4",
  "fields": {
    "salon": 5,
    "user": 1,
    "rating": 5,
    "comment": "sdgfdjklsfb ufryhliuwer ieurtgluer \r\n",
    "created_at": "2025-05-20T16:22:20.272Z",
    "updated_at": "2025-05-20T16:22:20.272Z"
  }
},
{
  "model": "salon.salonreview",
  "pk": "d3c7794e-bee2-4dd3-9379-3b62609bc7d6",
  "fields": {
    "salon": 8,
    "user": 1,
    "rating": 5,
    "comment": "sdfglksdjfgbujmhncv",
    "created_at": "2025-05-20T15:06:00.809Z",
    "updated_at": "2025-05-20T15:06:00.809Z"
  }
},
{
  "model": "salon.salonreview",
  "pk": "d4908704-a3d4-4761-bd95-210f33a0f7aa",
  "fields": {
    "salon": 5,
    "user": 1,
    "rating": 3,
    "comment": "drtfhdfghdttyui rtuyutdryh  erth herth erth ",
    "created_at": "2025-05-20T15:58:21.969Z",
    "updated_at": "2025-05-20T15:58:21.969Z"
  }
},
{
  "model": "salon.salonreview",
  "pk": "d7b3153e-0b6d-42c2-a9a5-30b85c61f843",
  "fields": {
    "salon": 8,
    "user": 1,
    "rating": 4,
    "comment": "It was good",
    "created_at": "2025-05-20T15:05:08.647Z",
    "updated_at": "2025-05-20T15:05:08.647Z"
  }
},
{
  "model": "salon.salonreview",
  "pk": "dc51d3de-5813-49d8-be6f-603cbb476ee1",
  "fields": {
    "salon": 8,
    "user": 1,
    "rating": 4,
    "comment": "It was good",
    "created_at": "2025-05-20T15:00:24.742Z",
    "updated_at": "2025-05-20T15:00:24.742Z"
  }
},
{
  "model": "salon.salonreview",
  "pk": "e1e4476b-374c-47b5-b75a-b31013c2a475",
  "fields": {
    "salon": 8,
    "user": 1,
    "rating": 5,
    "comment": "fghdrh rthert wrth ",
    "created_at": "2025-05-20T15:40:56.233Z",
    "updated_at": "2025-05-20T15:40:56.233Z"
  }
},
{
  "model": "salon.salonreview",
  "pk": "ee7fc983-7873-41a2-aee2-040afae4d042",
  "fields": {
    "salon": 8,
    "user": 1,
    "rating": 1,
    "comment": "AAAAAAAAAAA frgsdg gh rht fg dfgh dfghdfghdfg fdgh f dfgh dfgh dfg fdghdfh",
    "created_at": "2025-06-04T14:00:11.788Z",
    "updated_at": "2025-06-04T14:00:11.788Z"
  }
},
{
  "model": "salon.salonreview",
  "pk": "f7a776b6-3e04-4d6e-9b0e-28b950fcae5d",
  "fields": {
    "salon": 8,
    "user": 1,
    "rating": 5,
    "comment": "dsfg rttg  ertg rt",
    "created_at": "2025-05-28T11:07:08.555Z",
    "updated_at": "2025-05-28T11:07:08.555Z"
  }
},
{
  "model": "salon.salonreview",
  "pk": "f873398c-a636-4c0c-9f0a-530832dd2632",
  "fields": {
    "salon": 8,
    "user": 1,
    "rating": 5,
    "comment": "ertge rthrt tyjh ty",
    "created_at": "2025-05-28T11:07:19.107Z",
    "updated_at": "2025-05-28T11:07:19.107Z"
  }
},
{
  "model": "salon.salonreview",
  "pk": "febca5be-eadf-4e4f-8d07-3a33db6a2185",
  "fields": {
    "salon": 8,
    "user": 1,
    "rating": 5,
    "comment": "AAAAAAAAAAAAAAAAAAAAAAAaaaaaaaaaaaabbbbbbbbbbbbbbbbbb",
    "created_at": "2025-06-04T13:59:36.541Z",
    "updated_at": "2025-06-04T13:59:36.541Z"
  }
},
{
  "model": "userauthentication.user",
  "pk": 1,
  "fields": {
    "password": "pbkdf2_sha256$1000000$bFfLxmKuneG0edFp7zUKj3$tBTRmdbrOZ7uejqUOVqodpRQA9d26/kPkn1c4s5qCUs=",
    "last_login": "2025-06-16T15:12:13.316Z",
    "is_superuser": true,
    "first_name": "",
    "last_name": "",
    "is_staff": true,
    "is_active": true,
    "date_joined": "2025-05-02T18:48:58.333Z",
    "full_name": null,
    "username": "James",
    "email": "james21.khiisa@gmail.com",
    "phone": null,
    "gender": "Other",
    "otp": null,
    "groups": [],
    "user_permissions": []
  }
},
{
  "model": "userauthentication.user",
  "pk": 2,
  "fields": {
    "password": "Dolor et sit fuga Facilis ipsa laboris omnis aliquip porro fugiat ratione quis commodi sequi velit",
    "last_login": "2025-05-02T19:08:57Z",
    "is_superuser": false,
    "first_name": "Connor",
    "last_name": "Sheppard",
    "is_staff": false,
    "is_active": true,
    "date_joined": "2025-05-02T19:09:17Z",
    "full_name": "Aimee Mercado",
    "username": "qenaquciju",
    "email": "xiwilubu@mailinator.com",
    "phone": "+1 (648) 144-6785",
    "gender": "Male",
    "otp": "Omnis qui incidunt voluptatem Doloremque commodo",
    "groups": [],
    "user_permissions": [
      13,
      15,
      30,
      34,
      39,
      40,
      52,
      20,
      21
    ]
  }
},
{
  "model": "userauthentication.user",
  "pk": 3,
  "fields": {
    "password": "Non pariatur Ut et rerum sunt laboriosam",
    "last_login": "2025-05-02T19:09:41Z",
    "is_superuser": false,
    "first_name": "Aristotle",
    "last_name": "Evans",
    "is_staff": false,
    "is_active": false,
    "date_joined": "2025-05-02T19:09:46Z",
    "full_name": "Bert Durham",
    "username": "pomeponybu",
    "email": "tybyveg@mailinator.com",
    "phone": "+1 (103) 469-3898",
    "gender": "Male",
    "otp": "Sed maiores sit aliqua Consequatur nulla magnam cumque",
    "groups": [],
    "user_permissions": [
      2,
      3,
      10,
      11,
      8,
      13,
      15,
      16,
      32,
      33,
      34,
      36,
      38,
      39,
      42,
      44,
      47,
      48,
      50,
      51,
      52,
      22,
      24,
      26,
      27,
      28,
      62,
      64,
      57,
      59
    ]
  }
},
{
  "model": "userauthentication.user",
  "pk": 4,
  "fields": {
    "password": "Duis ut et est magni dicta anim cumque in accusamus distinctio Sit ut tempore qui maxime qui autem",
    "last_login": "2025-05-02T19:10:04Z",
    "is_superuser": false,
    "first_name": "Nerea",
    "last_name": "Gallagher",
    "is_staff": false,
    "is_active": true,
    "date_joined": "2025-05-02T19:10:10Z",
    "full_name": "Maile Howell",
    "username": "mecuxowuhe",
    "email": "byxydo@mailinator.com",
    "phone": "+1 (384) 182-2595",
    "gender": "Female",
    "otp": "Est odit dolorem quo rerum voluptas quo officia a accusamus dolores iste aliquip iusto dolor molesti",
    "groups": [],
    "user_permissions": [
      11,
      15,
      16,
      32,
      33,
      35,
      36,
      43,
      49,
      22,
      25,
      62,
      64,
      57,
      58,
      59,
      60
    ]
  }
},
{
  "model": "userauthentication.user",
  "pk": 5,
  "fields": {
    "password": "pbkdf2_sha256$1000000$sQyxi13FAfmTFnpsVQQlwD$CUxR5LPH6sX92dj2np6q/e/gKH+z0preN4IrsdV4UWI=",
    "last_login": "2025-05-02T20:00:03.983Z",
    "is_superuser": false,
    "first_name": "",
    "last_name": "",
    "is_staff": false,
    "is_active": true,
    "date_joined": "2025-05-02T20:00:00.437Z",
    "full_name": "Damian Noble",
    "username": "guzam",
    "email": "cebyzylo@mailinator.com",
    "phone": "+1 (385) 843-3042",
    "gender": "Other",
    "otp": null,
    "groups": [],
    "user_permissions": []
  }
},
{
  "model": "userauthentication.user",
  "pk": 6,
  "fields": {
    "password": "pbkdf2_sha256$1000000$KfGbWYtglJu2CfNsfp29Kn$Y2u0YD11xWbYDQPtVCnMGyFl9QmuN0/TtjQoKfwKdfQ=",
    "last_login": "2025-05-02T21:30:41.752Z",
    "is_superuser": false,
    "first_name": "",
    "last_name": "",
    "is_staff": false,
    "is_active": true,
    "date_joined": "2025-05-02T21:30:37.280Z",
    "full_name": "Barclay Holman",
    "username": "guhitazu",
    "email": "bihy@mailinator.com",
    "phone": "+1 (287) 364-6651",
    "gender": "Other",
    "otp": null,
    "groups": [],
    "user_permissions": []
  }
},
{
  "model": "userauthentication.user",
  "pk": 7,
  "fields": {
    "password": "pbkdf2_sha256$1000000$IwxUlDdxSUaJeIkF3c1FdY$9nq0H842QlHa7vSKpKXxeALJHhgtkxjqQ2RuQ4ULFEk=",
    "last_login": "2025-05-02T21:36:28.265Z",
    "is_superuser": false,
    "first_name": "",
    "last_name": "",
    "is_staff": false,
    "is_active": true,
    "date_joined": "2025-05-02T21:36:24.708Z",
    "full_name": "Shafira Wolfe",
    "username": "Barbra",
    "email": "gujefalaju@mailinator.com",
    "phone": "+1 (246) 766-7701",
    "gender": "Other",
    "otp": null,
    "groups": [],
    "user_permissions": []
  }
},
{
  "model": "userauthentication.user",
  "pk": 8,
  "fields": {
    "password": "pbkdf2_sha256$1000000$VhlF0u13jwjqUsjPMioGu2$/0HFP4j3gxGZPmyxgTrL6GadD+nJqS26OYbuXh9u1iI=",
    "last_login": "2025-05-02T22:06:19.001Z",
    "is_superuser": false,
    "first_name": "",
    "last_name": "",
    "is_staff": false,
    "is_active": true,
    "date_joined": "2025-05-02T22:06:15.027Z",
    "full_name": "Anastasia Riggs",
    "username": "nutakuqyzo",
    "email": "biqujo@mailinator.com",
    "phone": "+1 (589) 799-7823",
    "gender": "Other",
    "otp": null,
    "groups": [],
    "user_permissions": []
  }
},
{
  "model": "userauthentication.user",
  "pk": 9,
  "fields": {
    "password": "pbkdf2_sha256$1000000$uLXkWACF9XdWDf4cFEmlqo$HGMZc94SXU9HfiAguCNouacisbQHflnZzwM7rxV7DEc=",
    "last_login": "2025-05-03T13:09:32.839Z",
    "is_superuser": false,
    "first_name": "",
    "last_name": "",
    "is_staff": false,
    "is_active": true,
    "date_joined": "2025-05-03T13:09:29.303Z",
    "full_name": "Aristotle Patterson",
    "username": "dakojopypa",
    "email": "bino@mailinator.com",
    "phone": "+1 (107) 322-6035",
    "gender": "Other",
    "otp": null,
    "groups": [],
    "user_permissions": []
  }
},
{
  "model": "userauthentication.user",
  "pk": 10,
  "fields": {
    "password": "pbkdf2_sha256$1000000$SbwKQLusmoblKQbVUk3EVr$D38ElL+G3jXMi/6YFDXXF3JRhyLl+S1mKQwqr/0qKfk=",
    "last_login": "2025-05-17T15:03:59.459Z",
    "is_superuser": false,
    "first_name": "Alex",
    "last_name": "Johnson",
    "is_staff": false,
    "is_active": true,
    "date_joined": "2025-05-17T15:03:55.535Z",
    "full_name": "Najja Barbra",
    "username": "Najja",
    "email": "Najjab@gmail.com",
    "phone": "0760211233",
    "gender": "Other",
    "otp": null,
    "groups": [],
    "user_permissions": []
  }
},
{
  "model": "userauthentication.user",
  "pk": 11,
  "fields": {
    "password": "pbkdf2_sha256$1000000$Es7mMYXM8eMhHozotyx9eO$JdHBAlvUFwZPyTf2RgIBOQJSkyniE05vD6DqxGbhzeU=",
    "last_login": "2025-06-13T15:51:04.620Z",
    "is_superuser": false,
    "first_name": "",
    "last_name": "",
    "is_staff": false,
    "is_active": true,
    "date_joined": "2025-06-13T15:51:00.774Z",
    "full_name": "Shane Mugisha",
    "username": "Shane",
    "email": "shanemugisha@gmail.com",
    "phone": "0788630305",
    "gender": "Other",
    "otp": null,
    "groups": [],
    "user_permissions": []
  }
},
{
  "model": "userauthentication.profile",
  "pk": 1,
  "fields": {
    "profile_id": "55bba737-dc36-45c1-a893-1",
    "image": "default.jpg",
    "user": 1,
    "full_name": null,
    "phone": null,
    "gender": "Other",
    "country": null,
    "city": null,
    "state": null,
    "address": null,
    "identity_type": null,
    "identity_image": "default.jpg",
    "linkedin": null,
    "twitter": null,
    "wallet": "0.00",
    "verified": false,
    "date": "2025-05-02T18:48:59.841Z"
  }
},
{
  "model": "userauthentication.profile",
  "pk": 2,
  "fields": {
    "profile_id": "016525f4-f1da-452c-afe1-d",
    "image": "default.jpg",
    "user": 2,
    "full_name": null,
    "phone": null,
    "gender": "Other",
    "country": null,
    "city": null,
    "state": null,
    "address": null,
    "identity_type": null,
    "identity_image": "default.jpg",
    "linkedin": null,
    "twitter": null,
    "wallet": "0.00",
    "verified": false,
    "date": "2025-05-02T19:09:26.266Z"
  }
},
{
  "model": "userauthentication.profile",
  "pk": 3,
  "fields": {
    "profile_id": "5bee2bd0-baf4-4cc5-94fc-c",
    "image": "default.jpg",
    "user": 3,
    "full_name": null,
    "phone": null,
    "gender": "Other",
    "country": null,
    "city": null,
    "state": null,
    "address": null,
    "identity_type": null,
    "identity_image": "default.jpg",
    "linkedin": null,
    "twitter": null,
    "wallet": "0.00",
    "verified": false,
    "date": "2025-05-02T19:09:53.358Z"
  }
},
{
  "model": "userauthentication.profile",
  "pk": 4,
  "fields": {
    "profile_id": "15b5e6db-c1fa-4df5-b6e4-e",
    "image": "default.jpg",
    "user": 4,
    "full_name": null,
    "phone": null,
    "gender": "Other",
    "country": null,
    "city": null,
    "state": null,
    "address": null,
    "identity_type": null,
    "identity_image": "default.jpg",
    "linkedin": null,
    "twitter": null,
    "wallet": "0.00",
    "verified": false,
    "date": "2025-05-02T19:10:15.279Z"
  }
},
{
  "model": "userauthentication.profile",
  "pk": 5,
  "fields": {
    "profile_id": "2175730d-7bf7-41c2-a56a-6",
    "image": "default.jpg",
    "user": 5,
    "full_name": "Damian Noble",
    "phone": "+1 (385) 843-3042",
    "gender": "Other",
    "country": null,
    "city": null,
    "state": null,
    "address": null,
    "identity_type": null,
    "identity_image": "default.jpg",
    "linkedin": null,
    "twitter": null,
    "wallet": "0.00",
    "verified": false,
    "date": "2025-05-02T20:00:02.264Z"
  }
},
{
  "model": "userauthentication.profile",
  "pk": 6,
  "fields": {
    "profile_id": "87928d39-d4d7-4148-97b5-d",
    "image": "default.jpg",
    "user": 6,
    "full_name": "Barclay Holman",
    "phone": "+1 (287) 364-6651",
    "gender": "Other",
    "country": null,
    "city": null,
    "state": null,
    "address": null,
    "identity_type": null,
    "identity_image": "default.jpg",
    "linkedin": null,
    "twitter": null,
    "wallet": "0.00",
    "verified": false,
    "date": "2025-05-02T21:30:39.647Z"
  }
},
{
  "model": "userauthentication.profile",
  "pk": 7,
  "fields": {
    "profile_id": "13180eba-17a3-4133-b282-9",
    "image": "default.jpg",
    "user": 7,
    "full_name": "Shafira Wolfe",
    "phone": "+1 (246) 766-7701",
    "gender": "Other",
    "country": null,
    "city": null,
    "state": null,
    "address": null,
    "identity_type": null,
    "identity_image": "default.jpg",
    "linkedin": null,
    "twitter": null,
    "wallet": "0.00",
    "verified": false,
    "date": "2025-05-02T21:36:26.622Z"
  }
},
{
  "model": "userauthentication.profile",
  "pk": 8,
  "fields": {
    "profile_id": "bb4eefda-0ca3-420b-9450-4",
    "image": "default.jpg",
    "user": 8,
    "full_name": "Anastasia Riggs",
    "phone": "+1 (589) 799-7823",
    "gender": "Other",
    "country": null,
    "city": null,
    "state": null,
    "address": null,
    "identity_type": null,
    "identity_image": "default.jpg",
    "linkedin": null,
    "twitter": null,
    "wallet": "0.00",
    "verified": false,
    "date": "2025-05-02T22:06:17.181Z"
  }
},
{
  "model": "userauthentication.profile",
  "pk": 9,
  "fields": {
    "profile_id": "a2834987-c221-4d3b-8cf2-d",
    "image": "default.jpg",
    "user": 9,
    "full_name": "Aristotle Patterson",
    "phone": "+1 (107) 322-6035",
    "gender": "Other",
    "country": null,
    "city": null,
    "state": null,
    "address": null,
    "identity_type": null,
    "identity_image": "default.jpg",
    "linkedin": null,
    "twitter": null,
    "wallet": "0.00",
    "verified": false,
    "date": "2025-05-03T13:09:31.132Z"
  }
},
{
  "model": "userauthentication.profile",
  "pk": 10,
  "fields": {
    "profile_id": "3fc5b206-7daa-42b2-8811-3",
    "image": "default.jpg",
    "user": 10,
    "full_name": "Najja Barbra",
    "phone": "0760211233",
    "gender": "Other",
    "country": null,
    "city": null,
    "state": null,
    "address": null,
    "identity_type": null,
    "identity_image": "default.jpg",
    "linkedin": null,
    "twitter": null,
    "wallet": "0.00",
    "verified": false,
    "date": "2025-05-17T15:03:57.493Z"
  }
},
{
  "model": "userauthentication.profile",
  "pk": 11,
  "fields": {
    "profile_id": "e1764283-055b-4d9a-b794-e",
    "image": "default.jpg",
    "user": 11,
    "full_name": "Shane Mugisha",
    "phone": "0788630305",
    "gender": "Other",
    "country": null,
    "city": null,
    "state": null,
    "address": null,
    "identity_type": null,
    "identity_image": "default.jpg",
    "linkedin": null,
    "twitter": null,
    "wallet": "0.00",
    "verified": false,
    "date": "2025-06-13T15:51:02.746Z"
  }
}
]
